name,receptor,peptide_pdb,seq,pep_len
cr_1NRL,/home/igem/unknown_software/datasets/training_formatted_peppc/peppc_1NRL_C/peppc_1NRL_C_protein_pocket.pdb,/home/igem/unknown_software/datasets/training_formatted_peppc/peppc_1NRL_C/peppc_1NRL_C_peptide.pdb,SLTERHKILHRLLQE,15
cr_1Q8W,/home/igem/unknown_software/datasets/training_formatted_peppc/peppc_1Q8W_B/peppc_1Q8W_B_protein_pocket.pdb,/home/igem/unknown_software/datasets/training_formatted_peppc/peppc_1Q8W_B/peppc_1Q8W_B_peptide.pdb,TTYADFIASGRTGRRNAIHD,20
cr_1T5Z,/home/igem/unknown_software/datasets/training_formatted_peppc/peppc_1T5Z_B/peppc_1T5Z_B_protein_pocket.pdb,/home/igem/unknown_software/datasets/training_formatted_peppc/peppc_1T5Z_B/peppc_1T5Z_B_peptide.pdb,SEKFKLLFQSY,11
cr_1T63,/home/igem/unknown_software/datasets/training_formatted_peppc/peppc_1T63_B/peppc_1T63_B_protein_pocket.pdb,/home/igem/unknown_software/datasets/training_formatted_peppc/peppc_1T63_B/peppc_1T63_B_peptide.pdb,KENALLRYLLDKDD,14
cr_1T76,/home/igem/unknown_software/datasets/training_formatted_peppc/peppc_1T76_B/peppc_1T76_B_protein_pocket.pdb,/home/igem/unknown_software/datasets/training_formatted_peppc/peppc_1T76_B/peppc_1T76_B_peptide.pdb,SRWAEVWDD,9
cr_1T7M,/home/igem/unknown_software/datasets/training_formatted_peppc/peppc_1T7M_B/peppc_1T7M_B_protein_pocket.pdb,/home/igem/unknown_software/datasets/training_formatted_peppc/peppc_1T7M_B/peppc_1T7M_B_peptide.pdb,SNTPRFKEYFMQ,12
cr_1T7R,/home/igem/unknown_software/datasets/training_formatted_peppc/peppc_1T7R_B/peppc_1T7R_B_protein_pocket.pdb,/home/igem/unknown_software/datasets/training_formatted_peppc/peppc_1T7R_B/peppc_1T7R_B_peptide.pdb,SSRFESLFAG,10
cr_1X7J,/home/igem/unknown_software/datasets/training_formatted_peppc/peppc_1X7J_D/peppc_1X7J_D_protein_pocket.pdb,/home/igem/unknown_software/datasets/training_formatted_peppc/peppc_1X7J_D/peppc_1X7J_D_peptide.pdb,HKLVQLLTTT,10
cr_1YDS,/home/igem/unknown_software/datasets/training_formatted_peppc/peppc_1YDS_I/peppc_1YDS_I_protein_pocket.pdb,/home/igem/unknown_software/datasets/training_formatted_peppc/peppc_1YDS_I/peppc_1YDS_I_peptide.pdb,TTYADFIASGRTGRRNAIHD,20
cr_1YDT,/home/igem/unknown_software/datasets/training_formatted_peppc/peppc_1YDT_I/peppc_1YDT_I_protein_pocket.pdb,/home/igem/unknown_software/datasets/training_formatted_peppc/peppc_1YDT_I/peppc_1YDT_I_peptide.pdb,TTYADFIASGRTGRRNAIHD,20
cr_1ZGY,/home/igem/unknown_software/datasets/training_formatted_peppc/peppc_1ZGY_B/peppc_1ZGY_B_protein_pocket.pdb,/home/igem/unknown_software/datasets/training_formatted_peppc/peppc_1ZGY_B/peppc_1ZGY_B_peptide.pdb,PSILKKILLEEP,12
cr_2GNI,/home/igem/unknown_software/datasets/training_formatted_peppc/peppc_2GNI_I/peppc_2GNI_I_protein_pocket.pdb,/home/igem/unknown_software/datasets/training_formatted_peppc/peppc_2GNI_I/peppc_2GNI_I_peptide.pdb,TTYADFIASGRTGRRNAIHD,20
cr_2Q7I,/home/igem/unknown_software/datasets/training_formatted_peppc/peppc_2Q7I_B/peppc_2Q7I_B_protein_pocket.pdb,/home/igem/unknown_software/datasets/training_formatted_peppc/peppc_2Q7I_B/peppc_2Q7I_B_peptide.pdb,GAFQNLFQSV,10
cr_2Q7J,/home/igem/unknown_software/datasets/training_formatted_peppc/peppc_2Q7J_B/peppc_2Q7J_B_protein_pocket.pdb,/home/igem/unknown_software/datasets/training_formatted_peppc/peppc_2Q7J_B/peppc_2Q7J_B_peptide.pdb,ENALLRYLLDKDD,13
cr_2Q7K,/home/igem/unknown_software/datasets/training_formatted_peppc/peppc_2Q7K_B/peppc_2Q7K_B_protein_pocket.pdb,/home/igem/unknown_software/datasets/training_formatted_peppc/peppc_2Q7K_B/peppc_2Q7K_B_peptide.pdb,GAFQNLFQSV,10
cr_2QPY,/home/igem/unknown_software/datasets/training_formatted_peppc/peppc_2QPY_B/peppc_2QPY_B_protein_pocket.pdb,/home/igem/unknown_software/datasets/training_formatted_peppc/peppc_2QPY_B/peppc_2QPY_B_peptide.pdb,LLRYLLDKDD,10
cr_3AMA,/home/igem/unknown_software/datasets/training_formatted_peppc/peppc_3AMA_B/peppc_3AMA_B_protein_pocket.pdb,/home/igem/unknown_software/datasets/training_formatted_peppc/peppc_3AMA_B/peppc_3AMA_B_peptide.pdb,TTYADFIASGRTGRRNAIHD,20
cr_3FUR,/home/igem/unknown_software/datasets/training_formatted_peppc/peppc_3FUR_H/peppc_3FUR_H_protein_pocket.pdb,/home/igem/unknown_software/datasets/training_formatted_peppc/peppc_3FUR_H/peppc_3FUR_H_peptide.pdb,TSHKLVQLLTTT,12
cr_3HQR,/home/igem/unknown_software/datasets/training_formatted_peppc/peppc_3HQR_S/peppc_3HQR_S_protein_pocket.pdb,/home/igem/unknown_software/datasets/training_formatted_peppc/peppc_3HQR_S/peppc_3HQR_S_peptide.pdb,DLEMLAPYIPMDDDFQL,17
cr_3IPQ,/home/igem/unknown_software/datasets/training_formatted_peppc/peppc_3IPQ_B/peppc_3IPQ_B_protein_pocket.pdb,/home/igem/unknown_software/datasets/training_formatted_peppc/peppc_3IPQ_B/peppc_3IPQ_B_peptide.pdb,SLTERHKILHRLLQE,15
cr_3KMR,/home/igem/unknown_software/datasets/training_formatted_peppc/peppc_3KMR_C/peppc_3KMR_C_protein_pocket.pdb,/home/igem/unknown_software/datasets/training_formatted_peppc/peppc_3KMR_C/peppc_3KMR_C_peptide.pdb,HKILHRLLQE,10
cr_3L3X,/home/igem/unknown_software/datasets/training_formatted_peppc/peppc_3L3X_B/peppc_3L3X_B_protein_pocket.pdb,/home/igem/unknown_software/datasets/training_formatted_peppc/peppc_3L3X_B/peppc_3L3X_B_peptide.pdb,HKKLLQLLTCSS,12
cr_3L3Z,/home/igem/unknown_software/datasets/training_formatted_peppc/peppc_3L3Z_B/peppc_3L3Z_B_protein_pocket.pdb,/home/igem/unknown_software/datasets/training_formatted_peppc/peppc_3L3Z_B/peppc_3L3Z_B_peptide.pdb,NALLRYLLDRDD,12
cr_3OAP,/home/igem/unknown_software/datasets/training_formatted_peppc/peppc_3OAP_B/peppc_3OAP_B_protein_pocket.pdb,/home/igem/unknown_software/datasets/training_formatted_peppc/peppc_3OAP_B/peppc_3OAP_B_peptide.pdb,KHKILHRLLQD,11
cr_3VQH,/home/igem/unknown_software/datasets/training_formatted_peppc/peppc_3VQH_B/peppc_3VQH_B_protein_pocket.pdb,/home/igem/unknown_software/datasets/training_formatted_peppc/peppc_3VQH_B/peppc_3VQH_B_peptide.pdb,TTYADFIASGRTGRRNAIHD,20
cr_4C36,/home/igem/unknown_software/datasets/training_formatted_peppc/peppc_4C36_I/peppc_4C36_I_protein_pocket.pdb,/home/igem/unknown_software/datasets/training_formatted_peppc/peppc_4C36_I/peppc_4C36_I_peptide.pdb,TTYADFIASGRTGRRNAIHD,20
cr_4K4J,/home/igem/unknown_software/datasets/training_formatted_peppc/peppc_4K4J_B/peppc_4K4J_B_protein_pocket.pdb,/home/igem/unknown_software/datasets/training_formatted_peppc/peppc_4K4J_B/peppc_4K4J_B_peptide.pdb,KHKILHRLLQD,11
cr_4K6I,/home/igem/unknown_software/datasets/training_formatted_peppc/peppc_4K6I_B/peppc_4K6I_B_protein_pocket.pdb,/home/igem/unknown_software/datasets/training_formatted_peppc/peppc_4K6I_B/peppc_4K6I_B_peptide.pdb,KHKILHRLLQD,11
cr_4LSJ,/home/igem/unknown_software/datasets/training_formatted_peppc/peppc_4LSJ_B/peppc_4LSJ_B_protein_pocket.pdb,/home/igem/unknown_software/datasets/training_formatted_peppc/peppc_4LSJ_B/peppc_4LSJ_B_peptide.pdb,SSRLWELLME,10
cr_4OH5,/home/igem/unknown_software/datasets/training_formatted_peppc/peppc_4OH5_B/peppc_4OH5_B_protein_pocket.pdb,/home/igem/unknown_software/datasets/training_formatted_peppc/peppc_4OH5_B/peppc_4OH5_B_peptide.pdb,GAFQNLFQS,9
cr_4OHA,/home/igem/unknown_software/datasets/training_formatted_peppc/peppc_4OHA_B/peppc_4OHA_B_protein_pocket.pdb,/home/igem/unknown_software/datasets/training_formatted_peppc/peppc_4OHA_B/peppc_4OHA_B_peptide.pdb,SAFSRLYTR,9
cr_4OK1,/home/igem/unknown_software/datasets/training_formatted_peppc/peppc_4OK1_B/peppc_4OK1_B_protein_pocket.pdb,/home/igem/unknown_software/datasets/training_formatted_peppc/peppc_4OK1_B/peppc_4OK1_B_peptide.pdb,GAFQNLFQS,9
cr_4OKT,/home/igem/unknown_software/datasets/training_formatted_peppc/peppc_4OKT_B/peppc_4OKT_B_protein_pocket.pdb,/home/igem/unknown_software/datasets/training_formatted_peppc/peppc_4OKT_B/peppc_4OKT_B_peptide.pdb,DSAFSRLYTRS,11
cr_4POH,/home/igem/unknown_software/datasets/training_formatted_peppc/peppc_4POH_B/peppc_4POH_B_protein_pocket.pdb,/home/igem/unknown_software/datasets/training_formatted_peppc/peppc_4POH_B/peppc_4POH_B_peptide.pdb,KHKILHRLLQD,11
cr_4POJ,/home/igem/unknown_software/datasets/training_formatted_peppc/peppc_4POJ_B/peppc_4POJ_B_protein_pocket.pdb,/home/igem/unknown_software/datasets/training_formatted_peppc/peppc_4POJ_B/peppc_4POJ_B_peptide.pdb,KHKILHRLLQD,11
cr_4PP3,/home/igem/unknown_software/datasets/training_formatted_peppc/peppc_4PP3_B/peppc_4PP3_B_protein_pocket.pdb,/home/igem/unknown_software/datasets/training_formatted_peppc/peppc_4PP3_B/peppc_4PP3_B_peptide.pdb,KHKILHRLLQD,11
cr_4RMD,/home/igem/unknown_software/datasets/training_formatted_peppc/peppc_4RMD_B/peppc_4RMD_B_protein_pocket.pdb,/home/igem/unknown_software/datasets/training_formatted_peppc/peppc_4RMD_B/peppc_4RMD_B_peptide.pdb,KHKILHRLLQD,11
cr_4UDD,/home/igem/unknown_software/datasets/training_formatted_peppc/peppc_4UDD_B/peppc_4UDD_B_protein_pocket.pdb,/home/igem/unknown_software/datasets/training_formatted_peppc/peppc_4UDD_B/peppc_4UDD_B_peptide.pdb,ENALLRYLLDKDD,13
cr_5CJ6,/home/igem/unknown_software/datasets/training_formatted_peppc/peppc_5CJ6_B/peppc_5CJ6_B_protein_pocket.pdb,/home/igem/unknown_software/datasets/training_formatted_peppc/peppc_5CJ6_B/peppc_5CJ6_B_peptide.pdb,GAFQNLFQSV,10
cr_5EI3,/home/igem/unknown_software/datasets/training_formatted_peppc/peppc_5EI3_B/peppc_5EI3_B_protein_pocket.pdb,/home/igem/unknown_software/datasets/training_formatted_peppc/peppc_5EI3_B/peppc_5EI3_B_peptide.pdb,KKRYDREFLLGFQF,14
cr_5L11,/home/igem/unknown_software/datasets/training_formatted_peppc/peppc_5L11_C/peppc_5L11_C_protein_pocket.pdb,/home/igem/unknown_software/datasets/training_formatted_peppc/peppc_5L11_C/peppc_5L11_C_peptide.pdb,NALLRYLLDKD,11
cr_5LCP,/home/igem/unknown_software/datasets/training_formatted_peppc/peppc_5LCP_B/peppc_5LCP_B_protein_pocket.pdb,/home/igem/unknown_software/datasets/training_formatted_peppc/peppc_5LCP_B/peppc_5LCP_B_peptide.pdb,TTYADFIASGRTGRRNAIHD,20
cr_5NI5,/home/igem/unknown_software/datasets/training_formatted_peppc/peppc_5NI5_C/peppc_5NI5_C_protein_pocket.pdb,/home/igem/unknown_software/datasets/training_formatted_peppc/peppc_5NI5_C/peppc_5NI5_C_peptide.pdb,KHKILHRLLQDS,12
cr_5NW8,/home/igem/unknown_software/datasets/training_formatted_peppc/peppc_5NW8_D/peppc_5NW8_D_protein_pocket.pdb,/home/igem/unknown_software/datasets/training_formatted_peppc/peppc_5NW8_D/peppc_5NW8_D_peptide.pdb,TTYADFIASGRTGSRNAI,18
cr_5O0E,/home/igem/unknown_software/datasets/training_formatted_peppc/peppc_5O0E_C/peppc_5O0E_C_protein_pocket.pdb,/home/igem/unknown_software/datasets/training_formatted_peppc/peppc_5O0E_C/peppc_5O0E_C_peptide.pdb,TTYADFIASGRTGRRSAI,18
cr_5UNJ,/home/igem/unknown_software/datasets/training_formatted_peppc/peppc_5UNJ_C/peppc_5UNJ_C_protein_pocket.pdb,/home/igem/unknown_software/datasets/training_formatted_peppc/peppc_5UNJ_C/peppc_5UNJ_C_peptide.pdb,SLLKKLLLA,9
cr_5YCP,/home/igem/unknown_software/datasets/training_formatted_peppc/peppc_5YCP_B/peppc_5YCP_B_protein_pocket.pdb,/home/igem/unknown_software/datasets/training_formatted_peppc/peppc_5YCP_B/peppc_5YCP_B_peptide.pdb,RHKILHRLLQE,11
cr_6D94,/home/igem/unknown_software/datasets/training_formatted_peppc/peppc_6D94_B/peppc_6D94_B_protein_pocket.pdb,/home/igem/unknown_software/datasets/training_formatted_peppc/peppc_6D94_B/peppc_6D94_B_peptide.pdb,GNTKNHPMLMNLLKD,15
cr_6ERW,/home/igem/unknown_software/datasets/training_formatted_peppc/peppc_6ERW_D/peppc_6ERW_D_protein_pocket.pdb,/home/igem/unknown_software/datasets/training_formatted_peppc/peppc_6ERW_D/peppc_6ERW_D_peptide.pdb,TTYADFIASGRTGRRNAI,18
cr_6GEV,/home/igem/unknown_software/datasets/training_formatted_peppc/peppc_6GEV_B/peppc_6GEV_B_protein_pocket.pdb,/home/igem/unknown_software/datasets/training_formatted_peppc/peppc_6GEV_B/peppc_6GEV_B_peptide.pdb,KSLLQQLLTE,10
cr_6GG8,/home/igem/unknown_software/datasets/training_formatted_peppc/peppc_6GG8_B/peppc_6GG8_B_protein_pocket.pdb,/home/igem/unknown_software/datasets/training_formatted_peppc/peppc_6GG8_B/peppc_6GG8_B_peptide.pdb,KSLLQQLLTE,10
cr_6GGG,/home/igem/unknown_software/datasets/training_formatted_peppc/peppc_6GGG_B/peppc_6GGG_B_protein_pocket.pdb,/home/igem/unknown_software/datasets/training_formatted_peppc/peppc_6GGG_B/peppc_6GGG_B_peptide.pdb,QQKSLLQQLLTE,12
cr_6I2A,/home/igem/unknown_software/datasets/training_formatted_peppc/peppc_6I2A_D/peppc_6I2A_D_protein_pocket.pdb,/home/igem/unknown_software/datasets/training_formatted_peppc/peppc_6I2A_D/peppc_6I2A_D_peptide.pdb,TTYADFIASGRTGRRDAI,18
cr_6I2C,/home/igem/unknown_software/datasets/training_formatted_peppc/peppc_6I2C_B/peppc_6I2C_B_protein_pocket.pdb,/home/igem/unknown_software/datasets/training_formatted_peppc/peppc_6I2C_B/peppc_6I2C_B_peptide.pdb,TTYADFIASGRTSRRDAI,18
cr_6LB5,/home/igem/unknown_software/datasets/training_formatted_peppc/peppc_6LB5_D/peppc_6LB5_D_protein_pocket.pdb,/home/igem/unknown_software/datasets/training_formatted_peppc/peppc_6LB5_D/peppc_6LB5_D_peptide.pdb,KHKILHRLLQD,11
cr_6ONJ,/home/igem/unknown_software/datasets/training_formatted_peppc/peppc_6ONJ_C/peppc_6ONJ_C_protein_pocket.pdb,/home/igem/unknown_software/datasets/training_formatted_peppc/peppc_6ONJ_C/peppc_6ONJ_C_peptide.pdb,NTKNHPMLMNLLKD,14
cr_6T1V,/home/igem/unknown_software/datasets/training_formatted_peppc/peppc_6T1V_C/peppc_6T1V_C_protein_pocket.pdb,/home/igem/unknown_software/datasets/training_formatted_peppc/peppc_6T1V_C/peppc_6T1V_C_peptide.pdb,PSLLKKLLLA,10
cr_6VC2,/home/igem/unknown_software/datasets/training_formatted_peppc/peppc_6VC2_C/peppc_6VC2_C_protein_pocket.pdb,/home/igem/unknown_software/datasets/training_formatted_peppc/peppc_6VC2_C/peppc_6VC2_C_peptide.pdb,NALLRYLLDKDD,12
cr_6VIF,/home/igem/unknown_software/datasets/training_formatted_peppc/peppc_6VIF_B/peppc_6VIF_B_protein_pocket.pdb,/home/igem/unknown_software/datasets/training_formatted_peppc/peppc_6VIF_B/peppc_6VIF_B_peptide.pdb,NALLRYLLDKD,11
cr_6YNA,/home/igem/unknown_software/datasets/training_formatted_peppc/peppc_6YNA_B/peppc_6YNA_B_protein_pocket.pdb,/home/igem/unknown_software/datasets/training_formatted_peppc/peppc_6YNA_B/peppc_6YNA_B_peptide.pdb,AGRTGRRQAIHDI,13
cr_6YW4,/home/igem/unknown_software/datasets/training_formatted_peppc/peppc_6YW4_B/peppc_6YW4_B_protein_pocket.pdb,/home/igem/unknown_software/datasets/training_formatted_peppc/peppc_6YW4_B/peppc_6YW4_B_peptide.pdb,VWLTDTWVLSRT,12
cr_7APO,/home/igem/unknown_software/datasets/training_formatted_peppc/peppc_7APO_C/peppc_7APO_C_protein_pocket.pdb,/home/igem/unknown_software/datasets/training_formatted_peppc/peppc_7APO_C/peppc_7APO_C_peptide.pdb,HKILHRLLQDSSSPVDLAKLTAEATG,26
cr_7BQ3,/home/igem/unknown_software/datasets/training_formatted_peppc/peppc_7BQ3_B/peppc_7BQ3_B_protein_pocket.pdb,/home/igem/unknown_software/datasets/training_formatted_peppc/peppc_7BQ3_B/peppc_7BQ3_B_peptide.pdb,RHKILHRLLQE,11
cr_7KCO,/home/igem/unknown_software/datasets/training_formatted_peppc/peppc_7KCO_D/peppc_7KCO_D_protein_pocket.pdb,/home/igem/unknown_software/datasets/training_formatted_peppc/peppc_7KCO_D/peppc_7KCO_D_peptide.pdb,EKHKILHRLLQDS,13
cr_7PDQ,/home/igem/unknown_software/datasets/training_formatted_peppc/peppc_7PDQ_B/peppc_7PDQ_B_protein_pocket.pdb,/home/igem/unknown_software/datasets/training_formatted_peppc/peppc_7PDQ_B/peppc_7PDQ_B_peptide.pdb,KHKILHRLLQDS,12
