pdb,source_table,protein,peptide,Kd_uM,pKd,exp_dG_kcal_mol,hybridock_blind_pred_dG_kcal_mol,abs_error_kcal_mol,literature_reference
3JZO,S1,Human MDMX,LTFEHYWAQLTS,0.003,8.523,-11.63,-8.546,3.08,"Phan J, et al. J. Biol. Chem. 2010, 285, 2174–2183"
4PG9,S1,MHC class I,FAPGNYPAL,0.016,7.796,-10.63,-8.103,2.53,"Garstka MA, et al. Proc. Natl. Acad. Sci. U. S. A. 2015, 112, 1505–1510"
2NM1,S1,BoNT/B,EDMFAKLKDKFFNEINK,0.034,7.469,-10.19,-9.537,0.65,"Jin R, et al. Nature 2006, 444, 1092–1095"
1B51,S1,OppA,KSK,0.043,7.367,-10.05,-6.93,3.12,"Sleigh SH, et al. J. Mol. Biol. 1999, 291, 393–415"
1B40,S1,OppA,KFK,0.053,7.276,-9.93,-7.919,2.01,"Sleigh SH, et al. J. Mol. Biol. 1999, 291, 393–415"
1JET,S1,OppA,KAK,0.056,7.252,-9.89,-7.013,2.88,"Sleigh SH, et al. J. Mol. Biol. 1999, 291, 393–415"
1B05,S1,OppA,KCK,0.075,7.125,-9.72,-8.622,1.1,"Sleigh SH, et al. J. Mol. Biol. 1999, 291, 393–415"
1GUX,S1,Retinoblastoma tumour suppressor pocket domain,DLYCYEQLN,0.11,6.959,-9.49,-7.743,1.75,"Lee JO, et al. Nature 1998, 391, 859–865"
1B3F,S1,OppA,KHK,0.13,6.886,-9.39,-7.394,2.0,"Sleigh SH, et al. J. Mol. Biol. 1999, 291, 393–415"
1MWN,S1,S100B protein,TRTKIDWNKILS,0.2,6.7,-9.14,-8.446,0.69,"Barber KR, et al. J. Biol. Chem. 1999, 274, 1502–1508"
2KPL,S1,MAGI-1 PDZ1 domain,RSSRTRRETQV,0.23,6.638,-9.05,-7.192,1.86,"Charbonnier S, et al. J. Mol. Biol. 2011, 406, 745–763"
3DRF,S1,Oligopeptide-binding protein oppA,ASNSIASG,0.26,6.585,-8.98,-7.766,1.21,"Berntsson R P A, et al. The EMBO Journal 2009, 28, 1332–1340"
2KHH,S1,Mex67 UBA domain,DSGFSFGSK,0.276,6.559,-8.95,-7.87,1.08,"Hobeika M, et al. J. Biol. Chem. 2009, 284, 17575–17583"
4TZN,S1,HORMA domain-containing protein,AMRYGQSPNMPSRRGN,0.3,6.523,-8.9,-8.425,0.47,"Kim Y, et al. Dev. Cell 2014, 31, 487–502"
1QWF,S1,Src SH3 domain,VSLARRPLPPLP,0.45,6.347,-8.66,-7.711,0.95,"Feng S, et al. PNAS 1995, 92, 12408–12415"
1D4T,S1,T Cell signal transduction molecule SAP,KSLTIYAQVQK,0.65,6.187,-8.44,-7.391,1.05,"Poy F, et al. Mol. Cell 1999, 4, 555–561"
4EZW,S1,Chaperone protein DnaK,NRLLLTG,1.0,6.0,-8.18,-7.61,0.57,"Zahn M, et al. J. Mol. Biol. 2013, 425, 2463–2479"
2M0V,S1,NHERF1 PDZ2 domain,QDTRL,1.079,5.967,-8.14,-6.912,1.23,"Bhattacharya S, et al. J. Mol. Biol. 2013, 425, 2509–2528"
1QWE,S1,Src SH3 domain,APPLPPRNRPRL,1.2,5.921,-8.08,-7.645,0.44,"Feng S, et al. PNAS 1995, 92, 12408–12415"
2JOA,S1,HtrA1 PDZ domain,DSRIWWV,1.3,5.886,-8.03,-7.148,0.88,"Runyon ST, et al. Protein Sci. 2007, 16, 2454–2471"
5A2J,S1,Ig lambda-1 chain V region S43/Ig heavy chain V-III region J606,APDTRP,1.4,5.854,-7.99,-6.643,1.35,"Martínez-Sáez N, et al.  Angew. Chem. Int. Ed. Engl. 2015, 54, 9830–9834"
3PLU,S1,Ubiquitin-like modifier HUB1,NLSIEETNEIREKLGMKPI,1.69,5.772,-7.87,-7.856,0.01,"Mishra S K, et al. Nature 2011, 474, 173–178"
1DKD,S1,Chaperonin GroEL,SWMTTPWGFLHP,2.0,5.699,-7.77,-6.874,0.9,"Chen L and Sigler PB. Cell 1999, 99, 757–768"
2OLB,S1,OppA,KKK,2.9,5.538,-7.55,-7.691,0.14,"Sleigh SH, et al. J. Mol. Biol. 1999, 291, 393–415"
5E3A,S1,Human DPP3,YGGFL,3.6,5.444,-7.43,-7.474,0.04,"Kumar P, et al. Sci. Rep. 2016, 6, 23787–23787"
1PZ5,S1,Fab (SYA/J6),MDWNMHAA,4.0,5.398,-7.36,-7.507,0.15,"Vyas NK, et al. Proc. Natl. Acad. Sci. U. S. A. 2003, 100, 15023–15028"
3V2X,S1,Ankyrin repeat family A protein 2,LLPTLPKLPSL,4.5,5.347,-7.29,-8.388,1.1,"Xu C, et al. Sci. Signal. 2012, 5, ra39–ra39"
1B46,S1,OppA,KPK,5.2,5.284,-7.21,-6.899,0.31,"Sleigh SH, et al. J. Mol. Biol. 1999, 291, 393–415"
2KOH,S1,par3 PDZ domain,MLAELYGSDPQEELII,6.0,5.222,-7.12,-7.696,0.58,"Tyler RC, et al. Biochemistry 2010, 49, 951–957"
2KE1,S1,Autoimmune regulator first PHD finger,ARTKQTARKS,6.5,5.187,-7.08,-7.274,0.19,"Org T, et al. EMBO rep. 2008, 9, 370–376"
4EZT,S1,Chaperone protein DnaK,PRRPVIMRR,7.4,5.131,-7.0,-7.88,0.88,"Zahn M, et al. J. Mol. Biol. 2013, 425, 2463–2479"
2VWF,S1,Grb2 SH3C domain,IQPPPVNRNLKPDRK,8.7,5.06,-6.9,-7.023,0.12,"Harkiolaki M, et al. Structure, 2009, 17, 809"
2KBS,S1,Harmonin PDZ2 domain,TPLEITEL,10.0,5.0,-6.82,-7.848,1.03,"Pan L, et al. PNAS 2009, 106, 5575–5580"
4YJE,S1,APC ARM domain,LTGCGDIIAEQ,14.4,4.842,-6.61,-8.573,1.96,"Zhang Z, et al. Cell Discov. 2015, 1, 15016–15016"
3CYY,S1,ZO-1 PDZ2 domain,RPRPDDLEI,16.8,4.775,-6.51,-7.254,0.74,"Chen J, et al. EMBO J. 2008, 27, 2113–2123"
2RQU,S1,DDEF1 SH3 domain,CIISAMPTKSSRKAKKPAQ,23.6,4.627,-6.31,-7.895,1.58,"Kaieda S, et al. Biochemistry 2010, 49, 5143–5153"
2KBR,S1,Harmonin N-domain,DDDRYLREAIQEYDNIAK,25.0,4.602,-6.28,-7.745,1.46,"Pan L, et al. PNAS 2009, 106, 5575–5580"
1JMQ,S1,Hu-Yap65 WW domain (L30K mutation),GTPPPPYTVG,40.0,4.398,-6.0,-7.19,1.19,"Pires JR, et al. J. Mol. Biol. 2001, 314, 1147–1156"
1I5H,S1,Nedd4 WW3 domain,GSTLPIPGTPPPNYDSL,53.0,4.276,-5.83,-7.439,1.61,"Kanelis V, et al. Nat. Struct. Biol. 2001, 8, 407–412"
1PRL,S1,Src SH3 domain,AFAPPLPRR,59.0,4.229,-5.77,-7.781,2.01,"Feng S, et al. Science 1994, 266, 1241–1247"
5EPP,S1,p97 N-terminus Domain,SPEEMRRQRLHRFDS,68.9,4.162,-5.68,-7.668,1.99,"Lim JJ, et al. Biochem. J. 2016, 473, 2863–2880"
5E6O,S1,Protein lgg-2,WEEL,76.9,4.114,-5.61,-6.616,1.01,"Wu F, et al. Mol. Cell 2015, 60, 914–929"
1AWI,S1,Platelet profilin,PPPPPPPPPP,90.0,4.046,-5.52,-7.007,1.49,"Mahoney NM, et al. Nat. Struct. Biol. 1997, 4, 953–960"
4JOJ,S1,Golgi-associated PDZ and coiled-coil motif-containing protein,ANSRFPTSII,110.0,3.959,-5.4,-7.803,2.4,"Amacher JF, et al. Structure 2014, 22, 82–93"
1MXL,S1,Cardiac troponin-C (bound with Ca2+),RISADAMMQALLGARAK,154.0,3.812,-5.2,-7.956,2.76,"Li MX, et al. Biochemistry 1999, 38, 8289–8298"
1L2Z,S1,CD2BP2 adaptor GYF domain,SHRPPPPGHRV,190.0,3.721,-5.08,-9.581,4.5,"Freund C, et al. EMBO J. 2002, 21, 5985–5995"
2RLY,S1,FBP28 WW2 domain,PTPPPLPP,270.0,3.569,-4.87,-5.825,0.96,"Ramirez–Espain X, et al. J. Mol. Biol. 2007, 373, 1255–1268"
2O9V,S1,Ponsin SH3 domain,VPPPVPPPPS,288.0,3.541,-4.83,-7.149,2.32,"Gehmlich K, et al. J. Mol. Biol. 2007, 369, 665–682"
2JQK,S1,VPS4B MIT domain,KATISDEEIERQLKALGVD,402.0,3.396,-4.63,-6.99,2.36,"Stuchell–Brereton MD, et al. Nature 2007, 449, 740–744"
2K2R,S1,α-parvin CH domain,DLDALLADLE,1200.0,2.921,-3.98,-7.655,3.68,"Wang X, et al. J. Biol. Chem. 2008, 283, 21113–21119"
