pdb,peptide,length,exp_dG_kcal_mol,pred_dG_kcal_mol,abs_error
1prm,AFAPPLPRR,9,-5.767,-7.273,1.506
1prl,AFAPPLPRR,9,-5.767,-6.724,0.957
1rlp,RALPPLPRY,9,-6.95,-7.804,0.854
1cka,PPPALPPKK,9,-7.801,-7.954,0.153
1rlq,RALPPLPRY,9,-6.95,-7.821,0.871
1ckb,PPPVPPRR,8,-7.205,-7.48,0.275
1abt,KHWVYY,6,-7.982,-7.207,0.775
1qwe,APPLPPRNRPRL,12,-8.074,-7.241,0.833
1qwf,VSLARRPLPPLP,12,-8.654,-7.406,1.248
1slg,SHPQNT,6,-5.322,-7.013,1.691
1tet,VPGSQHIDSQKK,12,-8.292,-8.91,0.618
1bxl,GQVGRQLAIIGDDINR,16,-8.82,-8.121,0.699
1rst,AWRHPQFGG,9,-6.043,-7.513,1.47
1avp,GVQSLKRRRCF,11,-10.801,-8.661,2.14
1aqc,GYENPTYKFF,10,-7.283,-7.412,0.129
1x11,QNGYENPTYKFF,12,-8.856,-7.375,1.481
2hrp,MSLPGRWKPK,10,-11.319,-9.586,1.733
1azg,PPRPLPVAPGSSKT,14,-6.54,-8.306,1.766
2olb,KKK,3,-7.551,-7.222,0.329
1jev,KWK,3,-9.39,-8.048,1.342
1jeu,KEK,3,-9.305,-6.92,2.385
1gux,DLYCYEQLN,9,-9.489,-7.915,1.574
1jet,KAK,3,-9.889,-7.207,2.682
1awi,PPPPPPPPPP,10,-5.517,-7.363,1.846
1a3e,GDFEEIPEEYL,11,-11.53,-10.344,1.186
1b3l,KGK,3,-8.026,-6.736,1.29
1b3f,KHK,3,-9.39,-6.717,2.673
1a30,EDL,3,-5.865,-7.005,1.14
1mxl,RISADAMMQALLGARAK,17,-5.199,-8.112,2.913
1b3g,KIK,3,-9.135,-7.554,1.581
1bjr,VAQGGAAGLA,10,-10.469,-8.714,1.755
1b32,KMK,3,-9.685,-6.94,2.745
1b05,KCK,3,-9.716,-8.116,1.6
1sm3,SAPDTRPAP,9,-6.3,-7.729,1.429
1b9j,KLK,3,-8.125,-7.259,0.866
1qka,KRK,3,-8.074,-7.127,0.947
1aze,VPPPVPPRRR,10,-5.757,-6.355,0.598
1b58,KYK,3,-8.979,-7.201,1.778
1d4t,KSLTIYAQVQK,11,-8.437,-7.373,1.064
1b5j,KQK,3,-10.134,-6.62,3.514
1b51,KSK,3,-10.045,-6.52,3.525
1qkb,KVK,3,-10.018,-6.852,3.166
1b46,KPK,3,-7.205,-6.691,0.514
1b40,KFK,3,-9.921,-8.054,1.867
1dpu,RIQRNKAAALLRLAAR,16,-8.182,-8.019,0.163
1ff1,STNPFL,6,-6.71,-7.155,0.445
1ddm,GFSNMSFEDFP,11,-7.867,-7.6,0.267
1sfi,GRCTKSIPPICFPD,14,-13.636,-11.175,2.461
1om2,GPRLSRLLSYA,11,-6.407,-7.657,1.25
1g1e,RMNIQMLLEAADYLER,16,-10.278,-8.882,1.396
1dkd,WMTTPWGFLHP,11,-7.771,-7.114,0.657
1b4z,KDK,3,-7.13,-7.137,0.007
1ej4,RIIYDRKFLMECRN,14,-9.956,-8.28,1.676
1fo0,INFDFNTI,8,-7.616,-7.79,0.174
1jd6,AVPFYLPE,8,-10.073,-7.615,2.458
1b52,KTK,3,-9.708,-6.78,2.928
1f3j,AMKRHGLDNYRGYS,14,-7.12,-8.179,1.059
1jd5,AIAYFIPD,8,-9.027,-7.793,1.234
1b5i,KNK,3,-9.608,-6.852,2.756
1g3f,AVPIAQKSE,9,-8.681,-7.403,1.278
1ka7,RKSLTIYAQVQK,12,-8.484,-7.702,0.782
1g6r,SIYRYYGL,8,-5.819,-8.608,2.789
1jmq,GTPPPPYTVG,10,-5.997,-6.983,0.986
1fch,YQSKL,5,-9.756,-8.707,1.049
1f47,KEPDYLDIPAFLRKQAD,17,-6.362,-8.337,1.975
1h6e,TTGVYVKMPP,10,-8.393,-7.373,1.02
1f90,KPLEEVLNL,9,-10.806,-8.476,2.33
1i5h,GSTLPIPGTPPPNYDSL,17,-5.83,-8.817,2.987
1fzo,FAPGNYPAL,9,-10.753,-7.604,3.149
1fzm,RGYVYQGL,8,-10.498,-9.043,1.455
1fzk,FAPGNYPAL,9,-11.451,-7.97,3.481
1dxp,GSVVIVGRIILS,12,-10.321,-8.166,2.155
1kl5,SHPQF,5,-8.17,-7.058,1.112
1h9l,VEPI,4,-4.253,-7.5,3.247
1fzj,RGYVYQGL,8,-11.041,-9.256,1.785
1jp5,PQITLW,6,-12.575,-8.491,4.084
1iq1,ENMLKRRNV,9,-10.167,-8.119,2.048
1kl3,SHPQFE,6,-7.995,-7.223,0.772
1l2z,SHRPPPPGHRV,11,-5.035,-7.777,2.742
1mwn,TRTKIDWNKILS,12,-9.135,-8.422,0.713
1jyc,RVWYPYGSYLTASGS,15,-5.914,-7.799,1.885
1jpl,SDEDLLHI,8,-6.818,-7.587,0.769
1mq1,TRTKIDWNKILS,12,-8.979,-8.525,0.454
1lek,EQYKFYSV,8,-12.117,-7.465,4.652
1i8i,KGNYVVTDH,9,-10.442,-7.277,3.165
1jq9,FLSYK,5,-11.519,-8.126,3.393
1leg,EQYKFYSV,8,-10.847,-7.333,3.514
1l0a,SVPIQCTDKTDKQEALFK,18,-6.302,-7.743,1.441
1n5z,MPPTLPHRDW,10,-5.941,-7.911,1.97
1gwr,NALLRYLLD,9,-9.003,-8.089,0.914
1lb6,KQEPQEIDF,9,-5.558,-7.368,1.81
1jq8,LAIYS,5,-8.176,-8.282,0.106
1oeb,APSIDRSTKPPL,12,-9.447,-8.002,1.445
1gwq,KILHRLLQD,9,-9.708,-8.042,1.666
1kc5,HQLDPAFG,8,-9.545,-9.085,0.46
1ov3,QPPSNPPPRPP,11,-9.165,-7.742,1.423
1g7q,SAPDTRPA,8,-8.259,-9.059,0.8
1g7p,SRDHSRTPM,9,-9.608,-9.47,0.138
1eb1,DYEPIPEEAF,10,-14.225,-7.508,6.717
1obx,DSVF,4,-7.801,-6.927,0.874
1oai,DSGFSFGSK,9,-6.818,-8.144,1.326
1ntv,NFDNPVYRKT,10,-7.941,-7.78,0.161
1r2b,GSLVATVKEAGRSIHEIPR,19,-6.74,-7.014,0.274
1n4m,DDYLWGLEAGEGISDLFD,18,-9.165,-7.963,1.202
1o9k,LDYHFGLEEGEGIRDLFD,18,-8.82,-8.01,0.81
1h3h,APSIDRSTKPA,11,-9.078,-7.739,1.339
1jws,PKYVKQNTLKLAT,13,-6.619,-8.2,1.581
1h28,GSAKRRLFGE,10,-8.895,-7.101,1.794
1h24,PVKRRLDLE,9,-8.592,-7.368,1.224
1j19,RRRTGTYGVLAAWRRL,16,-10.616,-7.192,3.424
1h25,PKPLKKLRFD,10,-7.833,-7.414,0.419
1jwm,PKYVKQNTLKLAT,13,-4.866,-8.004,3.138
1osg,CHCWDLLVRHWV,12,-10.258,-9.144,1.114
1ow6,TRELDELMASLS,12,-7.361,-7.406,0.045
1ow7,TRELDELMASLS,12,-7.361,-7.089,0.272
1h27,RNLFGP,6,-7.639,-7.034,0.605
1jwu,PKYVKQNTLKLAT,13,-7.278,-8.446,1.168
1h26,SRHKKLMFK,9,-7.551,-7.143,0.408
1ow8,LSELDRLLLELN,12,-7.361,-7.938,0.577
1r17,GFFFSARGHRP,11,-8.756,-9.533,0.777
1oqp,KKRELIESKWHRLLFHDKK,19,-9.956,-7.568,2.388
1mfg,EYLGLDVPV,9,-5.865,-7.325,1.46
1q5l,NRLLLTG,7,-4.393,-7.59,3.197
1pz5,MDWNMHAA,8,-7.361,-8.766,1.405
1p4u,DFGPLVGA,8,-7.228,-6.942,0.286
1ox9,AANDENYA,8,-7.105,-6.852,0.253
1om9,DDFGGFEAAET,11,-5.666,-6.888,1.222
1iwq,KKRFSFKKSFKLSGFSFK,18,-10.984,-7.878,3.106
1oj5,LPPTEQDLTKLLLE,14,-8.314,-7.421,0.893
1uti,GQPPLVPPRKEKMRGK,16,-7.663,-8.21,0.547
1ujj,DDISLLK,7,-8.314,-6.952,1.362
1xb7,SELLKYLTT,9,-8.484,-8.341,0.143
1ny2,RPPG,4,-3.759,-6.542,2.783
1t7r,SSRFESLFAG,10,-8.125,-7.388,0.737
1nlt,GWLYEIS,7,-6.71,-7.34,0.63
1ukh,PKRPTTLNLF,10,-8.695,-6.851,1.844
1t37,LAIYS,5,-5.927,-8.304,2.377
1r5w,ADLIAYFKAATKF,13,-7.551,-6.813,0.738
1s5q,RMNIQMLLEAADYLER,16,-7.205,-8.431,1.226
1w80,DGFKDSFD,8,-6.196,-7.319,1.123
1opi,PSKKRKRSRWNQD,13,-9.956,-7.303,2.653
1osv,ENALLRYLLDKD,12,-4.747,-7.715,2.968
1r5v,ADLIAYPKAATKF,13,-6.111,-6.079,0.032
1u8t,SILSQAEIDALLN,13,-5.808,-7.55,1.742
1x8s,HREMAVDCP,9,-6.95,-7.664,0.714
1utc,TLPWDLW,7,-6.208,-7.934,1.726
1u9l,NRPILSL,7,-6.842,-7.092,0.25
1zub,EEGIWA,6,-8.957,-7.11,1.847
2bz8,PARPPKPRPRR,11,-7.639,-7.79,0.151
1sje,PEVIPMFSALSEGAT,15,-11.211,-7.275,3.936
1yy6,DPGEGPST,8,-8.271,-6.471,1.8
1y19,SWVYSPLHYSA,11,-9.231,-8.45,0.781
1sjh,PEVIPMFSALSEG,13,-10.971,-7.012,3.959
2a25,KPAAVVAPI,9,-6.3,-8.073,1.773
1t08,DADTLLHFATESTPD,15,-7.512,-7.305,0.207
1ywi,PPPLPP,6,-4.678,-6.734,2.056
1vyj,SAVLQKKITDYFHPKK,16,-9.545,-7.666,1.879
2c2l,DTSRMEEVD,9,-7.572,-7.036,0.536
1xr8,LEKARGSTY,9,-9.135,-8.978,0.157
1zkk,KRHRKVLR,8,-6.111,-8.802,2.691
1y3a,SRVTWYDFLMED,12,-7.376,-7.42,0.044
1vj6,YLVTSV,6,-6.95,-6.846,0.104
2bj4,LTSRDFGSWYA,11,-6.093,-8.287,2.194
1zm6,LAIYS,5,-5.927,-8.064,2.137
2df6,PPVIAPRPEHTKSIYTRS,18,-8.153,-8.308,0.155
1zhk,LPEPLPQGQLTAY,13,-6.073,-7.236,1.163
1xr9,ILGPPGSVY,9,-9.756,-8.051,1.705
1zhl,LPEPLPQGQLTAY,13,-6.824,-7.305,0.481
1y2a,GKISKHWTGI,10,-10.008,-8.136,1.872
2flu,AFFAQLQLDEETGEFL,16,-10.498,-8.07,2.428
2clv,SQYYYNSL,8,-10.744,-10.402,0.342
2fx7,NWFDITNWLWYIKKKK,16,-10.498,-8.307,2.191
2ce9,MWRPW,5,-8.225,-7.553,0.672
2ivz,GASDGSGWSSENNPW,15,-8.231,-7.983,0.248
2i3h,AVPW,4,-10.088,-7.585,2.503
2bba,NYLFSPNGPIARAW,14,-9.756,-7.773,1.983
2gph,RLQERRGSNVALMLDC,16,-7.228,-8.269,1.041
2fo4,SAPDFRPL,8,-9.848,-8.626,1.222
2nm1,EDMFAKLKDKFFNEINK,17,-10.184,-9.324,0.86
2e7l,QLSPFPFDL,9,-10.278,-8.47,1.808
2nxl,AEVFYVDGA,9,-8.546,-7.24,1.306
2bgn,MWPVDP,6,-7.771,-9.039,1.268
2jnw,KIIDTGGGFIL,11,-8.329,-7.73,0.599
2hkf,LPGEEDLPG,9,-8.695,-8.087,0.608
2aq9,WMLDPIAGKWSR,12,-9.956,-7.761,2.195
2hug,APPGTARRKRKADS,14,-8.147,-6.888,1.259
2odd,TISNPPPLISSAK,13,-5.401,-7.964,2.563
2oei,PPPPPPLPP,9,-5.327,-7.138,1.811
2joa,DSRIWWV,7,-8.125,-6.923,1.202
2fts,FSIVGSLPRDFEL,13,-9.608,-8.23,1.378
2peh,KRKSRWDETP,10,-8.125,-7.566,0.559
2jup,GPPLIPPPP,9,-5.191,-6.563,1.372
2oqs,RRETQV,6,-8.026,-6.725,1.301
2pv2,NFTLKFWDIFRK,12,-8.059,-8.66,0.601
2rly,PTPPPLPP,8,-4.866,-6.034,1.168
2z5s,ETFSDLWKLLP,11,-7.715,-9.567,1.852
2z5t,ETFSDLWKLLP,11,-7.663,-8.749,1.086
2dwx,GWNSFQSS,8,-5.106,-6.246,1.14
2nxd,ADIFYLDG,8,-7.715,-7.599,0.116
2o9v,VPPPVPPPPS,10,-4.828,-6.681,1.853
2puy,ARTKQTARKS,10,-6.167,-8.051,1.884
2pem,EIKFEFD,7,-4.961,-7.192,2.231
2jq9,EDQLSRRLAALRN,13,-6.104,-7.642,1.538
2jqk,DEEIERQLKALGVD,14,-4.63,-7.177,2.547
2jo9,EEPPPPYED,9,-5.84,-7.072,1.232
2oi9,QLSPFPFDL,9,-7.771,-7.969,0.198
2r7g,PPTLHELYDL,10,-8.244,-7.73,0.514
2nxm,AQTFYVDG,8,-7.082,-6.66,0.422
2pv1,WEYIPNV,7,-9.732,-7.914,1.818
2r0z,AKFRHD,6,-7.457,-7.316,0.141
2rm0,PPPLIPPPP,9,-5.491,-7.534,2.043
2iv9,SFGDGFADF,9,-5.914,-9.718,3.804
3diw,QLAWFDTDL,9,-9.165,-7.588,1.577
2w0p,RVASSVFIT,9,-8.895,-7.043,1.852
2pv3,NFTLKFWDIF,10,-7.165,-8.613,1.448
2nwn,CSCWRGLENHRM,12,-8.592,-9.007,0.415
3bu8,SFNLAPLGRRRVQSQ,15,-9.437,-7.566,1.871
2or9,EQKLISEEDLN,11,-8.592,-8.921,0.329
3e1r,QAQGPPYPTYPGY,13,-7.941,-7.829,0.112
3bim,RSEIISTAPSSWVVPGP,17,-8.017,-6.857,1.16
3cii,VMAPRTLFL,9,-8.314,-8.173,0.141
2k2r,DLDALLADLE,10,-3.935,-7.428,3.493
3ds0,ITFEDLLDYYGP,12,-6.582,-7.827,1.245
3cfs,QGITKPAIRRLARRG,15,-8.125,-7.935,0.19
3cfv,DNIQGITKPAIRRLARRG,18,-8.244,-8.842,0.598
2eh8,ANSNNPDWDF,10,-10.852,-9.396,1.456
3cyy,RPRPDDLEI,9,-6.511,-6.931,0.42
2jk9,NELNNNLP,8,-9.305,-7.371,1.934
2r05,ELYPLASLRSL,11,-7.029,-7.503,0.474
2r03,NLYPDLSE,8,-7.029,-7.251,0.222
3bl2,TMENLSRRLKVTGDLFDIM,19,-7.911,-8.247,0.336
3ds1,ITFEDLLDYYG,11,-7.771,-7.696,0.075
3d1e,GQLGLF,6,-7.867,-7.138,0.729
2k00,GRSKESGWVENEIYY,15,-6.3,-7.798,1.498
3f9w,KRHRKVLR,8,-6.438,-8.258,1.82
3ery,QLSPFPFDL,9,-7.715,-7.512,0.203
2zpk,PRGYPGQV,8,-10.577,-8.427,2.15
2k3w,IELPEVPSEPLP,12,-7.141,-7.263,0.122
2qhr,VEQHHRRTDND,11,-10.073,-8.832,1.241
3bzf,VMAPRALLL,9,-6.167,-7.645,1.478
3bze,VMAPRTLFL,9,-8.182,-6.71,1.472
2pr9,DEEYGYECLD,10,-10.056,-8.064,1.992
3ds3,ITFEDLLDYYGP,12,-7.12,-7.539,0.419
3ds4,ITFEDLLDYYGP,12,-5.714,-7.675,1.961
3c3r,EDDDIKQLAAWAT,13,-5.982,-6.942,0.96
2qbw,PQPVDSWV,8,-9.889,-7.977,1.912
2pmc,DLLDSLGF,8,-5.712,-6.891,1.179
3c3o,DEEALKQLAEWVS,13,-5.941,-7.516,1.575
2pl9,AGVVASQDQVDDLLDSLGF,19,-5.688,-6.327,0.639
3c3q,KEEEDDDMKELENWAGSM,18,-5.889,-7.171,1.282
3dvp,PTRDVATSP,9,-6.818,-7.342,0.524
3g2s,GFSDDVPMVIA,11,-8.484,-7.609,0.875
3d25,VLHDDLLEA,9,-6.076,-7.433,1.357
3e8u,VQGSGAFGRG,10,-12.845,-8.846,3.999
3ghe,RKRIHIGPGRAFYAT,15,-8.026,-10.062,2.036
2kbs,TPLEITEL,8,-6.818,-7.491,0.673
3d3x,RIM,3,-5.674,-7.585,1.911
2w10,PPPRPTAPKPLL,12,-9.231,-7.584,1.647
3eu7,LGPISLNWFEELSS,14,-8.428,-7.681,0.747
3g19,LLL,3,-9.095,-7.496,1.599
3g2w,LLDDELMSL,9,-7.715,-7.335,0.38
3drf,ASNSIASG,8,-9.545,-8.294,1.251
2vr3,HHLGGAKQAGAV,12,-6.789,-7.904,1.115
3h52,NLGLEDIIRKALMGS,15,-6.619,-7.033,0.414
3drg,RPPGFSPFA,9,-9.545,-7.345,2.2
2rol,PPVPNPDYEPIR,12,-6.3,-7.528,1.228
3hg1,ELAGIGILTV,10,-6.47,-6.789,0.319
3ggw,YLEDWIKYNNQ,11,-7.551,-8.019,0.468
2kff,FNYESTNPFTAK,12,-4.924,-7.356,2.432
2khh,DSGFSFGSK,9,-8.944,-7.386,1.558
2kbr,DDDRYLREAIQEYDNIAK,18,-6.266,-7.505,1.239
3h1z,YFPTDERSWVYSPLH,15,-6.351,-8.287,1.936
3eqs,TSFAEYWNLLS,11,-11.565,-8.086,3.479
3eyu,EFRHEA,6,-10.39,-7.549,2.841
3ifp,AEFRHD,6,-10.378,-7.962,2.416
2wa8,FRSKGEELFT,10,-7.391,-7.567,0.176
2w2u,RELLPELPHPP,11,-6.076,-7.441,1.365
3ivv,DEVTSTTSSS,10,-7.407,-7.215,0.192
3iqg,NWNI,4,-6.278,-7.342,1.064
3jzo,LTFEHYWAQLTS,12,-11.622,-8.905,2.717
3iqh,YDI,3,-6.257,-6.853,0.596
2w9r,LVKSKATNLLY,11,-7.253,-7.256,0.003
2ke1,ARTKQTARKS,10,-7.228,-7.661,0.433
3g2u,SDEDLLE,7,-7.183,-6.83,0.353
3ifo,AEFRHD,6,-9.905,-7.038,2.867
3iqi,NENI,4,-6.017,-7.125,1.108
3fn0,WNWFDITNK,9,-5.997,-8.83,2.833
3hqh,ASADSTTEG,9,-5.722,-7.319,1.597
2knh,IGTDKELSDLLDFSAMFS,18,-7.029,-6.507,0.522
2vwf,IQPPPVNRNLKPDR,14,-6.9,-7.305,0.405
3ivq,PDVSSSTH,8,-5.616,-6.571,0.955
2w85,SQEKFFQELFDS,12,-6.869,-8.285,1.416
3eqy,TSFAEYWNLLSP,12,-10.978,-8.255,2.723
2w0z,APPPRPPKP,9,-5.492,-6.551,1.059
3h85,SWVYSPLH,8,-7.12,-7.447,0.327
2kfg,FNYESTDPFTAK,12,-3.983,-7.002,3.019
2kpl,RSSRTRRETQV,11,-9.052,-8.34,0.712
3lnz,TSFAEYWALLS,11,-12.695,-8.522,4.173
2kup,LFRLRHFPCGNVNYGYQQQ,19,-9.135,-8.415,0.72
3ifl,DAEFRHD,7,-11.012,-7.526,3.486
3dri,AASASA,6,-6.032,-6.929,0.897
3ktr,TLNPNAKEFNPRSFSQ,16,-8.393,-7.384,1.009
3nin,RLGE,4,-6.691,-7.065,0.374
3nij,HIA,3,-6.667,-6.737,0.07
3kze,SRKEYYA,7,-5.387,-6.492,1.105
3oap,KHKILHRLLQD,11,-8.536,-7.97,0.566
3ny3,RIFS,4,-6.429,-7.268,0.839
3nim,RRAA,4,-6.48,-6.447,0.033
3obx,PEATAPPEE,9,-5.299,-6.699,1.4
3iqq,TKIDWNKIL,9,-7.551,-7.813,0.262
2rqu,CIISAMPTKSSRKAKKPAQ,19,-6.309,-8.131,1.822
2krd,RISADAMMQALLGARAK,17,-3.68,-7.873,4.193
3g5v,CGADSYEMEEDGVRKC,16,-10.63,-9.652,0.978
3n5u,KKLRFDI,7,-8.074,-7.287,0.787
3nik,REAA,4,-4.698,-6.261,1.563
3obq,PTPSAPVPL,9,-4.824,-6.215,1.391
3i5r,KRPLPPLPS,9,-5.997,-7.696,1.699
3p4f,EEVDVTSVY,9,-7.715,-6.548,1.167
3o0e,SGGDGRGHNTGAHST,15,-7.833,-7.467,0.366
3o6l,EPVDPKLEPWKHPGS,15,-10.239,-8.571,1.668
3l81,TYKFFEQ,7,-6.175,-7.439,1.264
3g5y,CGADSYEMEEDGVRKC,16,-10.167,-9.117,1.05
3obu,PEPTAPPEE,9,-5.865,-6.625,0.76
2ksp,LESKPYNPFEEEEED,15,-5.787,-7.778,1.991
3hs9,NNWADFSSTWP,11,-8.604,-7.88,0.724
3nii,KIA,3,-5.772,-6.908,1.136
2kzu,GSQEDSDSELEQYFTARW,18,-5.757,-7.107,1.35
2xl3,DEEVDVTSVD,10,-7.161,-7.102,0.059
2xl2,DEEVDVTSVD,10,-7.161,-6.962,0.199
2koh,MLAELYGSDPQEELII,16,-7.12,-7.657,0.537
3l6x,DEEGGGEEDQDFDLSQLH,18,-5.997,-8.391,2.394
3isw,PLEKASVVSKLFFSWTAP,18,-5.517,-7.912,2.395
2xs8,AYDPARKLL,9,-6.287,-7.347,1.06
3hs8,PNNWADFSSTWP,12,-7.228,-7.664,0.436
3l3q,PFKKKRREA,9,-9.919,-8.056,1.863
3q6s,TNVSLYPVVKIRRLSL,16,-9.197,-7.569,1.628
2xxn,SVWIPVNEGASTSGM,15,-8.739,-7.785,0.954
3uvm,GAARAEVYLR,10,-10.258,-8.289,1.969
2y36,DLWTTAIPTIP,11,-8.755,-9.495,0.74
2ksb,RPKPQQFFGLM,11,-4.258,-7.97,3.712
3uvo,CARSEGFYT,9,-9.545,-8.714,0.831
2ksa,RPKPQQFFGLM,11,-4.173,-8.961,4.788
3uvn,GSARSEGYY,9,-8.979,-8.165,0.814
2l6j,MEEVD,5,-8.536,-7.043,1.493
3shb,ARTKQTA,7,-8.225,-6.836,1.389
2y07,PPYPAW,6,-8.484,-8.474,0.01
3rse,EWE,3,-9.545,-7.748,1.797
3qxd,PVSKMRMATPLLMQ,14,-8.393,-7.319,1.074
2y06,DPRPSYISHL,10,-8.314,-9.448,1.134
3r0h,ALRNGQYWV,9,-8.074,-8.955,0.881
2las,DNEIEVIIVWEKK,13,-7.833,-8.818,0.985
3plu,LSIEETNEIREKLGMKPI,18,-7.871,-8.027,0.156
2xhs,STLRALLTN,9,-8.187,-7.865,0.322
3rdv,DSWKDGCY,8,-6.695,-8.915,2.22
3ll8,EPIAIIITDTE,11,-8.724,-7.091,1.633
3nfk,SWESHKSGGETRL,13,-5.176,-7.296,2.12
3rl7,SYLVTSV,7,-6.463,-7.884,1.421
3sou,ARTKQTAR,8,-7.742,-7.483,0.259
3t6r,ARTKQ,5,-7.715,-7.028,0.687
3o1e,KHKILHRLLQ,10,-7.833,-7.379,0.454
3p9m,SIIGFEKL,8,-6.818,-8.157,1.339
3n5e,LSCQLYQR,8,-9.301,-8.091,1.21
3pkn,LNPNAKVWQEI,11,-6.351,-7.31,0.959
3tcg,KGE,3,-7.999,-7.536,0.463
3tiw,VTLRRRMLAAAAERRLQK,18,-10.461,-8.542,1.919
3rz9,DGPTAKKLKTEQ,12,-9.437,-8.334,1.103
3pab,EIINFEKL,8,-6.407,-8.094,1.687
3tjh,SPLDSLWWI,9,-7.376,-9.646,2.27
2l8j,GAMGSASSEDYIIILPES,18,-7.531,-7.721,0.19
3lrh,EKLMKAFESLKSFQ,14,-10.018,-7.662,2.356
3tg5,HLKSKKGQ,8,-6.407,-7.987,1.58
3tsz,EFKQTSSFLV,10,-6.076,-7.909,1.833
3zqi,SVLAARARMWMWHW,14,-9.809,-9.008,0.801
3t7g,DIDELIQDMEIK,12,-7.09,-7.944,0.854
3p9l,SIINFEKL,8,-7.228,-8.258,1.03
3tpu,FLSPFWFDI,9,-5.889,-7.503,1.614
3q5u,GSIIRKWN,8,-5.88,-7.975,2.095
3qfd,AAGIGILTV,9,-5.683,-6.173,0.49
3puj,RDRTHELRQ,9,-6.148,-7.464,1.316
3sxu,DIPF,4,-6.887,-6.847,0.04
2lcs,GKFIPSRPAPKPPSSA,16,-9.135,-7.879,1.256
3r42,QVPSDPYN,8,-5.558,-7.068,1.51
2xrw,RPSRDHLYLPLE,12,-7.021,-7.387,0.366
3o4l,GLCTLVAML,9,-6.943,-8.252,1.309
2xs0,RPSRDHLYLPLE,12,-7.021,-7.429,0.408
3tfk,QLSDVPMDL,9,-6.836,-8.675,1.839
3u0t,AIIGLMVGGVV,11,-12.985,-7.405,5.58
3ui2,QKAPPGTARRKRK,13,-8.681,-8.723,0.042
3tf7,QLSPFPFDL,9,-4.804,-6.516,1.712
2llo,RAANLWPSPLMIKRSKKNS,19,-7.941,-8.459,0.518
4e34,ANSRWPTSII,10,-8.2,-7.351,0.849
4g69,YLVTSV,6,-8.153,-7.273,0.88
2llq,RAANLWPSPLMIKRSKKNS,19,-7.941,-8.699,0.758
3asl,ARTKQTARK,9,-7.857,-7.317,0.54
4f20,GSSGSGSNGD,10,-4.492,-8.539,4.047
2ll7,KKTFKEVANAVKISASL,17,-11.994,-8.793,3.201
4f14,PPPTLPKPKLP,11,-6.666,-7.04,0.374
2y9q,MKLSPPSKSRLARRRAL,17,-8.393,-8.076,0.317
3uxg,PLYTSPSLPNITLGLP,16,-5.403,-8.152,2.749
2y6s,KLGLITNTIAGVAGL,15,-9.528,-8.865,0.663
4dma,HKILHRLLQEG,11,-8.437,-8.092,0.345
4dgb,PGPLPA,6,-5.299,-7.927,2.628
4es0,GCARSEG,7,-9.528,-9.479,0.049
3uyr,EPQAPWME,8,-9.404,-9.283,0.121
2lsk,QSTGTEPFFKQKSLLL,16,-6.663,-7.933,1.27
4ds1,YAESGIQTDL,10,-6.473,-7.946,1.473
3t6j,VVYPW,5,-8.668,-8.114,0.554
3t6b,VVYPW,5,-8.668,-8.277,0.391
3v30,TLVSMPPLPGLDLKGS,16,-5.093,-8.232,3.139
2ltx,ELESPPPPYSRYPMD,15,-7.346,-8.817,1.471
4eqf,RLSSNL,6,-9.286,-8.825,0.461
2lgf,AFIIWLARRLKKGKK,15,-7.593,-9.259,1.666
4eqj,ETFYVD,6,-7.634,-7.718,0.084
2lty,ELESPPPPYSRYPMD,15,-7.332,-9.013,1.681
4htp,DVPQWEVFFK,10,-7.663,-8.172,0.509
4b4n,PVLFPGQPFGQPPLG,15,-4.693,-7.256,2.563
2ltz,ELESPPPPYSRYPMD,15,-7.291,-9.734,2.443
3so6,SINFDNPVYQKTT,13,-7.346,-7.272,0.074
4ep2,AETFYVD,7,-7.3,-8.035,0.735
3v2x,LLPTLPKLPSL,11,-7.291,-8.404,1.113
3v2o,LPTLPKLPSLS,11,-7.24,-8.312,1.072
4esg,EPPLNPHGSARAEVHL,16,-7.58,-8.603,1.023
4fi9,FYPMLRYTNGPPPT,14,-10.01,-8.103,1.907
2lsr,GSLLKEVLEDYLRLKK,16,-7.151,-7.609,0.458
2ltw,GESPPPPYSRYPMD,14,-5.759,-9.099,3.34
4e81,RPVYIPRPP,9,-7.141,-7.55,0.409
3upv,PTVEEVD,7,-7.228,-7.016,0.212
2ltv,SPPPPYSRYPMD,12,-7.038,-9.424,2.386
3uvu,SAKRKEPEPKGSTKKKAKT,19,-10.059,-7.83,2.229
4ewr,QTGSARSEGY,10,-8.545,-8.658,0.113
4a2a,DIPAIYRYGLEGLL,14,-5.927,-6.879,0.952
4ery,VNPTGCARSEPKMS,14,-9.91,-8.725,1.185
3t4p,DWSI,4,-7.079,-7.542,0.463
4aom,KNIPSLLRVQAHIRKKMV,18,-9.641,-9.905,0.264
2loz,EDHKPGTFPKALTN,14,-5.54,-7.462,1.922
4fys,VYIHPF,6,-6.578,-8.779,2.201
2ynn,CTFKTKTN,8,-7.046,-7.805,0.759
4hxj,RGT,3,-5.63,-6.904,1.274
3u3f,SATRELDELMASL,13,-6.95,-6.651,0.299
4e3b,SRWPTSIL,8,-8.244,-6.828,1.416
2y8o,NPGLKIPK,8,-6.988,-6.945,0.043
4e35,RWPTSIL,7,-6.3,-7.087,0.787
4erq,INPTGCARSEPKI,13,-9.716,-8.779,0.937
4erz,LNPHGAARAEVY,12,-9.621,-8.128,1.493
4hpy,KKQKVHALFYK,11,-13.528,-7.368,6.16
4fmq,LSSLAASSLAKRRQQ,15,-6.88,-6.722,0.158
3zke,VGMHSKGTQTA,11,-9.267,-6.864,2.403
4lg6,HTPRLPTLPKRVP,13,-9.197,-7.758,1.439
4gpk,SSKPDIVG,8,-10.258,-8.704,1.554
4ezo,PPYLPRPR,8,-8.895,-7.298,1.597
4b8p,TVLGKRK,7,-9.346,-7.312,2.034
4aa2,RPKIPP,6,-5.414,-7.95,2.536
4jff,ELAGIGILTV,10,-12.575,-6.146,6.429
4aph,DRVYIHP,7,-7.361,-8.504,1.143
4bxu,ASEDELVAEFLQDQN,15,-9.545,-7.787,1.758
4m7c,SRGLEVSHRLAPW,13,-8.352,-7.872,0.48
4aa1,YIHPF,5,-5.617,-9.622,4.005
2m0v,QDTRL,5,-8.137,-6.616,1.521
4ezw,NRLLLTG,7,-8.182,-8.113,0.069
4fcm,SGFSF,5,-5.372,-7.697,2.325
4ezx,NRLMLTG,7,-7.903,-7.193,0.71
4apo,AEDDVE,6,-6.695,-6.676,0.019
4mz5,SPSKRARP,8,-8.321,-6.758,1.563
4aif,SRMEEVD,7,-6.602,-7.02,0.418
4hs8,QLINTNGSWHIN,12,-10.801,-9.36,1.441
4hfz,ETFSDLWKLLP,11,-7.801,-9.468,1.667
4bt9,PPGPPGPPG,9,-5.24,-7.252,2.012
4ikn,DYQRL,5,-6.619,-7.297,0.678
4j8b,LKTKLL,6,-6.536,-8.361,1.825
4ezy,NRLIL,5,-7.699,-6.479,1.22
4j86,TFKKTN,6,-5.137,-7.079,1.942
4j8r,PHGGSWGQP,9,-10.498,-7.692,2.806
4j84,ARKLD,5,-6.396,-7.163,0.767
4fmo,TRSKFFN,7,-7.543,-7.714,0.171
4m1d,CRCIHIGPGRAFYT,14,-10.415,-9.876,0.539
4j78,KTKLL,5,-6.338,-8.048,1.71
4j73,EAKKLV,6,-6.215,-6.686,0.471
4i2w,AGGPTIEEVD,10,-5.342,-8.212,2.87
4gw5,CQCYNLSSRALK,12,-7.44,-7.424,0.016
4i2z,ASRMEEVD,8,-6.64,-6.555,0.085
4k3m,DLF,3,-4.842,-7.473,2.631
4j77,KEKSD,5,-7.457,-6.874,0.583
4b60,QQHHLGGAKQAGDV,14,-7.407,-8.542,1.135
4i9c,QRGMI,5,-7.512,-9.676,2.164
2m0u,QDTRL,5,-8.778,-6.718,2.06
4eoy,NDWLLPSY,8,-8.845,-7.237,1.608
4hs6,QLINTNGSWHIN,12,-10.258,-8.981,1.277
4fgt,CQLY,4,-7.373,-6.794,0.579
4kmd,GSYGHLSIGT,10,-7.382,-7.426,0.044
4jfe,ELAGIGALTV,10,-6.148,-6.263,0.115
4j81,KPHSD,5,-6.131,-6.918,0.787
4gnf,ARTKQTARK,9,-4.564,-6.901,2.337
4cc2,PPPALPSSAPSG,12,-5.908,-7.359,1.451
4cc7,PPALPSSAPSG,11,-5.908,-7.17,1.262
4jfd,ELAAIGILTV,10,-6.059,-6.501,0.442
4gw1,CQCFDLSTRRLK,12,-8.681,-7.491,1.19
4dx9,KSAVTTVVNP,10,-7.228,-7.264,0.036
4mnq,ILAKFLHWL,9,-6.043,-7.284,1.241
2lsv,ADTEMEEVD,9,-7.182,-6.84,0.342
4j2c,AHGMLKLYYGLS,12,-7.161,-6.972,0.189
4gxl,NPGLAYGNPYS,11,-7.205,-8.574,1.369
4k0u,RTFRQVQSSISDFYD,15,-9.899,-8.144,1.755
4j82,KSHQE,5,-5.938,-6.859,0.921
4ht6,ITYDKGIQTDQ,11,-8.465,-8.427,0.038
4b8o,GSPPKKKRKVG,11,-11.451,-8.077,3.374
4cc3,PPPPLPSGPAYA,12,-5.645,-7.506,1.861
4ezr,SHPRPIRV,8,-7.092,-6.793,0.299
4ezq,PPRPIYN,7,-7.092,-7.143,0.051
4ezz,ELPLVKI,7,-7.082,-7.752,0.67
2m41,VFPWHSLVPFLAPSQ,15,-6.95,-8.079,1.129
4ib5,GCRCLYGFKIHGG,13,-8.525,-7.05,1.475
2m3o,TAPPPAYATLG,11,-7.228,-7.81,0.582
4ezt,PRRPVIMRR,9,-6.996,-7.808,0.812
4j45,ATAA,4,-7.867,-6.905,0.962
4j44,AIAV,4,-7.811,-7.89,0.079
4j8g,AASFIDAKKMP,11,-5.714,-9.024,3.31
4j8s,RRLPIFNRISVS,12,-7.771,-7.947,0.176
4btb,PPPPPPPPP,9,-6.83,-7.185,0.355
4j47,SVPI,4,-6.709,-7.21,0.501
4iho,EGPRNQDWL,9,-6.95,-8.904,1.954
4in9,SWFP,4,-6.778,-9.657,2.879
4j46,AVPI,4,-7.201,-7.603,0.402
4mz6,SKRARPA,7,-6.841,-7.559,0.718
4j26,HPLLMRLLHHPS,12,-7.416,-8.418,1.002
4tzn,MRYGQSPNM,9,-8.895,-7.969,0.926
3zn0,PRSFAA,6,-6.778,-7.448,0.67
3zmz,PRSFAV,6,-6.47,-8.445,1.975
4psx,ARTKQTARKSTG,12,-8.82,-8.075,0.745
3zmt,PRSFLV,6,-6.2,-8.709,2.509
3zn1,PRLYLV,6,-6.185,-8.535,2.35
3zmu,PKSFLV,6,-5.87,-8.353,2.483
2mkr,DLDESWDYIFETT,13,-8.546,-8.159,0.387
4qh7,NYTICAGTQTDP,12,-8.104,-7.745,0.359
4tzq,ARYGVSNTSINRK,13,-8.895,-7.202,1.693
2mow,DDDEDGYNPYTL,12,-8.131,-7.299,0.832
3zmv,PLSFLV,6,-5.808,-8.457,2.649
4onf,DAEFRH,6,-12.164,-8.85,3.314
4qh8,YSSTTGTQCDIA,12,-6.672,-8.218,1.546
4tkn,TCIYNPLFGS,10,-8.026,-8.185,0.159
4wj7,VDKVVINPYFG,11,-6.663,-7.821,1.158
4pxf,DIDVMGL,7,-4.223,-7.454,3.231
4prb,HPVAEADYFEY,11,-5.292,-8.381,3.089
4w50,APYCVYRGSWSC,12,-7.982,-9.002,1.02
4o4y,PAPELLG,7,-10.649,-7.343,3.306
4o3u,IIGGCPCYWMDREE,14,-8.724,-9.406,0.682
4wk2,GRGDSP,6,-9.462,-7.991,1.471
4j09,TNLYML,6,-6.504,-6.642,0.138
4pre,HPVGQADYFEY,11,-5.105,-7.903,2.798
4cy1,GTCVAARTRPVLSY,14,-9.194,-7.938,1.256
4n7g,QGLLDALDLAS,11,-7.715,-8.174,0.459
4prn,HPVAEADYFEY,11,-7.715,-8.627,0.912
4tk1,FNIVGTTYPIN,11,-5.074,-7.693,2.619
4tk2,FNIVGTTYP,9,-5.074,-6.899,1.825
4q6f,ARTKQ,5,-7.639,-6.557,1.082
4pr5,HPVGDADYFEY,11,-7.715,-8.124,0.409
4pra,HPVGQADYFEY,11,-7.715,-8.064,0.349
4lnp,VPPPRPPPPE,10,-5.004,-7.35,2.346
4ln2,LAPPKPPLPE,10,-4.916,-6.922,2.006
4prp,HPVGQADYFEY,11,-7.715,-8.155,0.44
4n7h,EAPPSYAEV,9,-7.475,-7.059,0.416
4oz1,KSRWDETP,8,-7.663,-6.386,1.277
4qqi,AFVHMPTLPNLDFHKT,16,-7.531,-8.629,1.098
4o36,ETAAAHFEQHHMDS,14,-8.673,-8.335,0.338
4u7t,ARTKQTARKS,10,-7.731,-7.144,0.587
4prd,HPVGDADYFEY,11,-6.266,-8.044,1.778
4prh,HPVGDADYFEY,11,-6.266,-8.124,1.858
4mdr,TYKFFEQ,7,-5.988,-7.784,1.796
2mnz,ARTKQTARKS,10,-7.082,-7.193,0.111
4rrv,MFRDFDYIA,9,-10.088,-8.683,1.405
4u0c,SPSGVFTFG,9,-5.877,-7.308,1.431
4ny3,PDYFL,5,-5.871,-6.832,0.961
4je8,MAS,3,-7.111,-6.718,0.393
4u0a,PVLFPGQPFGQPPL,14,-5.865,-7.267,1.402
4qok,EAAGIGILTV,10,-7.082,-6.817,0.265
4u0d,SPSGVFTFG,9,-5.877,-6.955,1.078
4u0b,PVLFPGQPFGQPPL,14,-5.865,-7.471,1.606
4wht,QLINTNGSWHVN,12,-11.048,-9.163,1.885
4j7i,SKSKDR,6,-6.894,-7.406,0.512
4joj,SRFPTSII,8,-5.398,-7.411,2.013
4o3t,IVGGYPWWM,9,-5.954,-7.913,1.959
4k6y,SRWQTSII,8,-6.586,-7.044,0.458
4mji,TAFTIPSI,8,-5.573,-7.477,1.904
4jog,SRVPTSII,8,-5.074,-7.063,1.989
4k78,ANSRWQDTRL,10,-6.532,-6.864,0.332
4pri,HPVGEADYFEY,11,-5.496,-8.04,2.544
4joe,ANSRAPTSII,10,-4.855,-7.278,2.423
4joh,PTSII,5,-4.564,-7.118,2.554
4tk3,FSIVGTLYP,9,-6.95,-9.313,2.363
4k76,SRWPTTRL,8,-7.291,-7.161,0.13
4k75,RWQDTRL,7,-5.796,-7.497,1.701
4tk4,FSIVGTLYP,9,-6.95,-7.204,0.254
4wym,PVLFPGQPFGQPP,13,-5.456,-7.421,1.965
4k1e,GFDCQCRSIPPIFP,14,-11.515,-9.157,2.358
4jof,RLPTSII,7,-5.683,-7.035,1.352
4jok,NSRYPTSII,9,-5.549,-7.414,1.865
5e0l,KAIDAATQTEE,11,-8.724,-7.629,1.095
4z68,EIREQGDGAEDE,12,-8.856,-6.726,2.13
4xyn,RTEAWKVLS,9,-8.026,-7.737,0.289
4ris,RDKKQKVHALFYKA,14,-8.244,-8.994,0.75
4zhl,CPCAYSRYIG,10,-8.82,-9.898,1.078
4rme,KHKILHRLLQD,11,-8.069,-7.796,0.273
5cfa,SKQFTSSTSY,10,-8.915,-7.783,1.132
4yoz,DLYCYEQLN,9,-9.267,-7.815,1.452
5a2j,APDTRP,6,-7.982,-6.804,1.178
4rxh,KKRKV,5,-8.059,-6.538,1.521
4pgd,FAPGNYPAF,9,-9.442,-7.732,1.71
5fjx,KWDDF,5,-6.762,-7.877,1.115
4wph,PRKCARKTR,9,-7.903,-7.439,0.464
4zdu,SQGTKRSYEQME,12,-7.867,-8.292,0.425
4wv6,PVKKPKIRR,9,-6.795,-8.374,1.579
5e1b,SPKRIA,6,-6.606,-6.749,0.143
2ms4,PEPGPYAQP,9,-6.578,-7.571,0.993
4ou3,CNCGRG,6,-6.017,-8.648,2.631
4rxz,TSFAEYWNLLS,11,-9.194,-9.189,0.005
4wy7,NWFDITNWLWYIKKK,15,-9.241,-8.682,0.559
4pge,FAPGNYPAW,9,-10.594,-7.191,3.403
4pg9,FAPGNYPAL,9,-10.63,-7.722,2.908
4nxq,NQKEYFF,7,-6.47,-8.015,1.545
5cin,NWFDITNWLWYIKKK,15,-10.561,-8.437,2.124
4z89,GRRLPPTPSKPS,12,-6.402,-6.981,0.579
4xek,KTSAAAQLDELMAHLT,16,-7.715,-6.781,0.934
5csz,DAEFRHDSGYE,11,-10.594,-7.95,2.644
5azg,DFTFL,5,-7.551,-8.328,0.777
5e1m,PPKRIA,6,-9.168,-6.762,2.406
4ynl,ERGSGR,6,-6.3,-6.945,0.645
4z2p,ATVSESFLTE,10,-6.275,-8.457,2.182
2mps,DGGTTFEHLWSSLEPD,16,-7.376,-7.793,0.417
4z2o,VATVSESLLTE,11,-6.148,-8.422,2.274
3wut,LAVGPPSLNYIPP,13,-8.851,-7.434,1.417
4xgz,NLSELDRLLLEL,12,-10.39,-9.78,0.61
4x8p,EYEERESEFDIE,12,-7.475,-7.449,0.026
5e1o,RPKRIA,6,-7.407,-7.821,0.414
4xc2,SDDDFWVRVAP,11,-7.318,-7.469,0.151
5azf,WEEL,4,-6.058,-7.476,1.418
5aer,NIEFRKAFLKILHS,14,-5.997,-9.201,3.204
4xhv,DSKDVKEWYV,10,-5.865,-7.046,1.181
5e0m,RSTTTQTDM,9,-7.205,-7.855,0.65
5e1d,YPKRIA,6,-7.346,-7.393,0.047
5cil,NWFDITNWLWYIK,13,-10.073,-8.324,1.749
4x3h,RIPSYRYRY,9,-5.763,-7.723,1.96
4pgb,FAPGNWPAL,9,-10.202,-6.952,3.25
3wuu,DLAVGPPSLNYPGY,14,-7.004,-7.378,0.374
3wuv,QAQGPPYPTYIPP,13,-7.055,-7.832,0.777
4x1q,CPCAYSRYLD,10,-7.224,-10.147,2.923
5dah,LATKAARKS,9,-7.228,-7.687,0.459
4wci,NLPTAPPRRR,10,-6.887,-6.947,0.06
4x3i,ATRNFSG,7,-4.327,-7.233,2.906
5i22,STVPVAPPRRRRGRNLT,17,-10.39,-6.45,3.94
4xh2,GSATRELDELMASLSD,16,-11.211,-10.023,1.188
4u2w,GCWCTKSIPPRPFVK,15,-8.182,-9.569,1.387
4y7r,EEIDVVSV,8,-6.861,-7.645,0.784
4znx,APPLPPRNRP,10,-9.027,-6.619,2.408
5izu,ADSIEIYIPEAQTRL,15,-9.91,-7.331,2.579
2mwy,SQETFSDLWKLLPEN,15,-9.305,-9.249,0.056
4ux9,PRPTLQLPLA,10,-6.958,-7.046,0.088
3wsy,LPQDRGFLVVQ,11,-8.666,-8.21,0.456
5hff,KNYKQFSV,8,-8.592,-7.126,1.466
2n9x,DYESDDDSYEVLDLTEY,17,-8.724,-6.914,1.81
5h7g,LWYTDIRMSWRVP,13,-12.605,-7.932,4.673
4z7n,AGDV,4,-6.878,-7.637,0.759
5heb,NYKQTSV,7,-8.314,-7.221,1.093
5lso,KSERWD,6,-7.982,-7.419,0.563
5ez0,SKETPL,6,-7.911,-6.505,1.406
5fb1,ARTKQTAR,8,-8.074,-7.33,0.744
5igq,SDQIVPEYQED,11,-9.003,-7.207,1.796
5aei,KRKRKRKRKR,10,-12.216,-8.867,3.349
5iay,TGKGKWKRKSAGGGPS,16,-7.907,-7.241,0.666
5hf1,NYKQFSV,7,-7.833,-7.221,0.612
5t1m,CQCYDLSTRRLK,12,-7.941,-7.615,0.326
5hfc,NYKQFSV,7,-7.801,-7.546,0.255
5dif,RTFDMHSLESSLIDI,15,-8.494,-7.942,0.552
5svz,GRKKRRQR,8,-8.074,-8.504,0.43
5t6j,QQLLKGLSLSFS,12,-6.729,-6.66,0.069
4yjl,PRDSYSGDALYEF,13,-8.125,-7.617,0.508
2ncz,EIKLKITKTIQN,12,-5.253,-7.102,1.849
5eta,GLLERRGVSELPPLYI,16,-7.903,-7.988,0.085
2n3k,TWRVQRSQNPLKIRLTR,17,-9.271,-7.217,2.054
5etu,CQCFDESTRRLK,12,-5.299,-7.549,2.25
4rqi,NRRLELEAYRLGPAS,15,-6.695,-7.839,1.144
5iy4,SHQNVLSNYFPRVS,14,-6.557,-7.797,1.24
4yje,LTGCGDIIAE,10,-6.602,-8.571,1.969
5esq,QFDLSTRRLK,10,-7.903,-7.344,0.559
5hey,KNYKQTSV,8,-7.715,-7.039,0.676
4ysi,SPGEGPSG,8,-7.771,-6.635,1.136
5e2q,DRVYIHPF,8,-7.889,-7.915,0.026
5etf,RNPGLKIP,8,-5.171,-7.331,2.16
2n1g,KGNMMSNFFGKAAMNK,16,-7.688,-7.256,0.432
5klr,FPAKKRKV,8,-10.529,-8.513,2.016
5klt,FPAKKMKV,8,-9.214,-8.133,1.081
4yk6,YQGGGEEMALP,11,-7.771,-8.165,0.394
5hfb,YKQTSV,6,-6.232,-7.293,1.061
5elq,EDQETAV,7,-7.771,-7.233,0.538
5awu,YDPFKGSDPFA,11,-6.34,-7.741,1.401
5i8c,AVGIGAVF,8,-10.366,-7.338,3.028
5j3v,TGGKAPRKQLATKAARK,17,-9.519,-7.782,1.737
5gu4,GFGLFD,6,-7.457,-7.068,0.389
5eoc,CQCLINTNGSWHI,13,-10.252,-8.245,2.007
5th2,CQCFDQSTRRLK,12,-6.167,-7.412,1.245
5awt,YDPFGGDPFK,10,-6.163,-7.584,1.421
5hog,SLRNIDDILDDIE,13,-4.961,-6.603,1.642
5ixf,AKPPVVDRSLKPGA,14,-7.531,-7.225,0.306
5b56,QQRRTRNGASKS,12,-6.185,-9.071,2.886
5gow,YVGEDDEEDDDFNENDEDD,19,-6.071,-8.034,1.963
5hed,KNYKQFSV,8,-6.059,-7.206,1.147
5dpw,EDEWVNVQY,9,-7.329,-7.041,0.288
5cqx,HENIDWGEPKDKEVW,15,-7.265,-7.811,0.546
5ly3,GGIGENEWVKILRSKR,16,-10.239,-7.417,2.822
5d0j,EGYDNSC,7,-7.237,-8.753,1.516
5svi,ARTKQTAR,8,-7.046,-6.735,0.311
5icz,GQGFDLSTRRLK,12,-7.228,-6.426,0.802
2nd0,NLQSSIVKFKKPLPLTQPG,19,-4.36,-7.59,3.23
5e3a,YGGFL,5,-7.423,-8.062,0.639
5hhx,IHVTIPADLWDWIN,14,-11.196,-9.187,2.009
4z0d,CWCTTRMSPPQQI,13,-7.228,-10.228,3.0
5epp,SPEEMRRQRLHRFDS,15,-5.675,-7.849,2.174
5eok,HIYPDFPTD,9,-4.766,-7.343,2.577
5i25,NPISDFPD,8,-4.758,-6.837,2.079
5hda,SMPELSPV,8,-6.996,-8.441,1.445
5huw,GPPKKRAKVD,10,-8.496,-8.353,0.143
5hkh,DNEWGIELV,9,-6.943,-7.877,0.934
5e6o,WEEL,4,-5.61,-6.961,1.351
5brz,EVDPIGHLY,9,-11.112,-8.353,2.759
5fpi,QYKSIL,6,-5.649,-7.435,1.786
5h5s,VPCPCYLPLWNAGK,14,-6.935,-10.908,3.973
5icy,SQFDLSTRRLK,11,-6.9,-7.105,0.205
5f67,GPGSRGKSTVTGRMISGWL,19,-9.39,-6.539,2.851
5bs0,ESDPIVAQY,9,-9.702,-7.762,1.94
5ff6,CQFDLSTRRQKC,12,-6.848,-7.411,0.563
5h1e,ENALLRYLLD,10,-10.278,-7.585,2.693
5jer,EEFELLISNS,10,-5.044,-7.856,2.812
5huy,ATRKRPRRA,9,-6.855,-8.278,1.423
4z7o,AGDV,4,-6.878,-7.994,1.116
5unj,SLLKKLLLA,9,-9.027,-8.01,1.017
5nme,SLYNTVATL,9,-9.663,-7.992,1.671
5nmf,SLYNTIATL,9,-10.118,-7.916,2.202
5vlh,CRCLPWNLQRIGLP,14,-9.267,-9.407,0.14
5wtt,CGCLENFG,8,-9.003,-9.588,0.585
5u98,VTTDIQVKV,9,-13.225,-8.57,4.655
5ybe,PKNKARRRTTTQMELLYAD,19,-8.504,-8.327,0.177
5w7j,GVVASQPARV,10,-8.314,-6.762,1.552
5bjt,RYFCTKWKHGWCEEVG,16,-8.592,-8.387,0.205
5vll,CFCIPWNLQRIGLL,14,-8.681,-9.513,0.832
5xyf,KRMTISRLVLEE,12,-8.153,-7.429,0.724
5vqi,SSKRQRR,7,-8.525,-7.199,1.326
5nmg,SLFNTIAVL,9,-7.843,-6.346,1.497
5w7i,GVVASQPARV,10,-6.751,-7.051,0.3
5t70,TSNLQEQIGW,10,-5.443,-8.365,2.922
5gg4,GRKRHCKTKHL,11,-7.941,-7.812,0.129
5wa4,LNDLPMDVFEL,11,-8.026,-7.424,0.602
5vwi,PAWDETNL,8,-6.598,-6.34,0.258
6bnh,KWTLERLKRKYRN,13,-5.183,-7.607,2.424
5mk1,EALKQLAEWVS,11,-5.29,-7.059,1.769
5wkf,GTSGSPIVNR,10,-5.272,-8.915,3.643
5wkh,GTSGSPIINR,10,-5.245,-8.396,3.151
5wqd,RIPNYQLSPTKL,12,-6.504,-7.834,1.33
5wbl,GGLFVMDE,8,-8.787,-7.4,1.387
5jzi,KLVALGINAV,10,-6.54,-8.125,1.585
5wbk,AGVFDIDL,8,-8.218,-7.806,0.412
5wlg,SQLLNAKYL,9,-6.438,-7.996,1.558
5b6c,FRAFSGSGNRL,11,-4.985,-8.078,3.093
6bw3,MRSKGRARKL,10,-7.539,-7.387,0.152
5vzy,HHQKLVFFAEDV,12,-11.584,-9.047,2.537
5w1w,VMAPRTLVL,9,-7.531,-7.241,0.29
5vwk,PAWDETNL,8,-7.475,-7.202,0.273
6bw4,MRSKARARKL,10,-7.502,-7.679,0.177
5jy0,LDV,3,-7.572,-7.936,0.364
5uwi,SYEAETVSAMALLSVG,16,-7.903,-7.227,0.676
5uwp,VEALLARLRAL,11,-7.903,-8.303,0.4
5jjm,SLQFLLD,7,-10.246,-7.233,3.013
5isz,GILGFVFTL,9,-6.129,-7.675,1.546
5jhd,GILGFVFTL,9,-6.167,-7.205,1.038
5w1v,VMAPRTLIL,9,-6.037,-8.014,1.977
5yc1,RLRAR,5,-5.913,-7.665,1.752
5mlo,KQHDIRSFFV,10,-7.253,-8.009,0.756
5t8r,ARTKQTAR,8,-5.853,-7.37,1.517
5n70,AFRIPLTR,8,-11.622,-8.16,3.462
5y59,NSKLLSLLRSKT,12,-7.217,-7.781,0.564
5n7x,EWVHPQFEQKA,11,-7.151,-7.247,0.096
5uwj,VDQLRLERLQI,11,-7.771,-7.223,0.548
5xup,KILLTPRRRQRL,12,-7.161,-7.46,0.299
5gp7,SLSRTPADGR,10,-7.021,-7.024,0.003
5xn3,RGVDINNN,8,-8.418,-8.178,0.24
6f0y,LAITMLKPRKKAKAL,15,-6.967,-7.592,0.625
5kzp,CQCLINTNGSWHINK,15,-9.756,-8.909,0.847
5t6z,TSTLQEQIGW,10,-5.737,-7.662,1.925
5lyn,PTVEEVD,7,-6.878,-7.209,0.331
5t6p,DTRPAP,6,-8.257,-7.242,1.015
5njx,DTSRMEEVD,9,-5.666,-7.009,1.343
6b27,EPEIPLSPRP,10,-6.861,-6.836,0.025
5mlw,GSDITRFLVKK,11,-6.865,-7.356,0.491
5mk3,DDIKQLAAWAT,11,-5.523,-6.324,0.801
5umz,GKKRRRER,8,-9.711,-8.49,1.221
5nin,AWASLKRLVTR,11,-9.716,-8.207,1.509
5xxf,NSDNIFVKPGEDLEIPL,17,-7.833,-7.747,0.086
5xhz,RPVPMKRHIFR,11,-8.856,-7.935,0.921
5v1y,GPQEPEPPEPFEYI,14,-11.112,-7.773,3.339
5n1y,MVWGPDPLYV,10,-4.393,-7.217,2.824
5y21,EVRQKKRRKRST,12,-8.82,-6.819,2.001
6e5x,FVPVPPPPLYPPP,13,-8.352,-6.593,1.759
5vtb,RRKQGKPQHLSKRE,14,-9.489,-7.957,1.532
5ygf,DQGRGRRRP,9,-8.465,-7.852,0.613
6f7t,ERRNELQKQENR,12,-12.877,-7.957,4.92
6cdm,AVGIGA,6,-12.401,-9.326,3.075
5vb9,CWCVLEYDMFGALHR,15,-8.026,-8.649,0.623
6cdo,AVGIGAVF,8,-12.238,-8.839,3.399
6cdp,AVGIGAVF,8,-11.979,-8.562,3.417
5w4e,SPRKKRPRQT,10,-8.805,-8.105,0.7
6cdg,PGLWKS,6,-7.801,-8.303,0.502
6b5r,NPDPNANPNVDPN,13,-11.962,-9.183,2.779
5mtw,EVPTWHRLSSYR,12,-7.801,-7.88,0.079
5xwr,MSRRKQAKPQHI,12,-8.158,-8.414,0.256
5zuj,SQSPTEDDENES,12,-6.521,-7.042,0.521
5yc2,PLDDEEAFEKQVTS,14,-6.74,-6.877,0.137
5yba,YGPKWN,6,-6.51,-7.718,1.208
6gy5,LGLPDLVAKYN,11,-6.632,-8.698,2.066
6eqa,AAGIGILTV,9,-6.61,-6.308,0.302
6fkq,MPTLDMALFDWTDYEDLKP,19,-10.909,-7.742,3.167
6evn,PPGPAGPPG,9,-6.416,-7.477,1.061
6cd8,PSRV,4,-6.426,-7.391,0.965
6bj3,IPLTEEAEL,9,-6.504,-7.467,0.963
5zw6,GMPRGA,6,-10.909,-8.714,2.195
6b5t,ANPNANPNANPNA,13,-11.803,-7.984,3.819
6cdc,PGLW,4,-7.639,-7.289,0.35
5zop,EGSITQGTPLKY,12,-6.444,-7.66,1.216
6co4,QEPEPPEPFEYIDD,14,-10.321,-7.898,2.423
6evp,PGPEGPPG,8,-6.183,-6.6,0.417
6e83,ARTKQTARKSTG,12,-6.187,-7.818,1.631
5zvw,SAIRGA,6,-11.754,-8.712,3.042
6egw,TTYADFIASGRTGRRNAI,18,-7.6,-8.391,0.791
5zoo,HIRGSITQGIPRSY,14,-7.707,-8.141,0.434
6hpg,GSKMEEVD,8,-7.498,-7.183,0.315
6a6w,GPLSDNEEFENVVKNGH,17,-7.407,-7.893,0.486
6gbe,MFRDFDYIADWC,12,-4.769,-7.53,2.761
5xvw,ILAWGRGGTRSN,12,-7.476,-7.234,0.242
6h7b,HHMNPNATEFMP,12,-10.202,-6.93,3.272
5o0e,TTYADFIASGRTGRRSAI,18,-6.175,-7.966,1.791
6ema,TTYADFIASGRTGRRSAI,18,-6.175,-8.375,2.2
6q3q,GSKMEEVD,8,-6.073,-7.259,1.186
6ccu,PHRV,4,-6.073,-7.136,1.063
5vzu,PTDVRDVDI,9,-7.593,-7.815,0.222
6cd9,PSRW,4,-6.023,-6.967,0.944
6ezi,LETKKTKL,8,-7.24,-7.097,0.143
6g86,FKNAPLLAPP,10,-6.125,-8.111,1.986
6b5o,NPNANPNAN,9,-11.361,-7.338,4.023
5yv5,SEEEALAGLSALFG,14,-7.376,-7.416,0.04
5ol3,TTYADFIASGRTGRRNAI,18,-7.315,-7.866,0.551
6erv,TTYADFIASGRTGRRNAI,18,-7.315,-7.984,0.669
6fdp,DTSRMEEVD,9,-7.172,-7.398,0.226
6erw,TTYADFIASGRTGRRNAI,18,-7.315,-7.933,0.618
5tkk,AVGIGAVF,8,-11.286,-9.549,1.737
6fdt,SGPTIEEVD,9,-5.859,-7.325,1.466
6bj2,IPLTEEAEL,9,-7.361,-6.315,1.046
6evo,PPGPRGPPG,9,-7.046,-6.885,0.161
5y24,GMPRGA,6,-11.369,-8.112,3.257
6f55,TKGPAPNPPPILKVW,15,-5.678,-7.886,2.208
5wou,LPSFETAL,8,-8.424,-6.496,1.928
6f8g,PEQDSAVTSGE,11,-5.705,-7.361,1.656
6gzl,PTKDSYTLTEEL,12,-7.004,-8.037,1.033
6cct,PTLV,4,-5.645,-7.362,1.717
6bgg,KVAPLKIKLGGF,12,-5.485,-7.279,1.794
6g85,FTDVPALNYP,10,-7.111,-8.276,1.165
5tkj,AVGIGAVF,8,-11.107,-9.673,1.434
6bvh,GTNCTCRSIPPINP,14,-12.484,-8.532,3.952
6h41,VDECWRIIASHTWFCAEE,18,-9.608,-9.288,0.32
5v1d,PQPWRFYAP,9,-9.135,-7.448,1.687
6fzf,EPSLLKKLLLAPA,13,-9.305,-7.667,1.638
5zys,LPFELRGHLV,10,-8.546,-7.439,1.107
5v3r,EDDDIKQLAAWAT,13,-7.228,-6.977,0.251
5wa1,EDDDIKQLAAWTT,13,-5.692,-6.863,1.171
6mqm,AVGIGAV,7,-13.05,-7.23,5.82
6fzp,SLLKKLLLA,9,-8.755,-8.609,0.146
6n3f,SRWD,4,-8.314,-7.179,1.135
6a9c,KVAPPIPHR,9,-3.743,-7.347,3.604
6r8i,SLPFTFKVPAPPPSLPP,17,-8.218,-7.541,0.677
6pek,EYEYEYEYEY,10,-8.895,-6.735,2.16
6fzj,PSLLKKLLLAPA,12,-8.629,-7.806,0.823
6o3x,DDYTPS,6,-8.525,-6.622,1.903
6h8c,GAMEIIHEDNEWGIELVSE,19,-7.982,-7.992,0.01
6hol,DWENLPSPRF,10,-7.801,-6.822,0.979
6me1,AVGLGAVFLG,10,-10.801,-7.441,3.36
6tyz,ERKRILPTWMLA,12,-9.385,-7.018,2.367
6d78,AAGIGILTV,9,-11.924,-6.13,5.794
6mt6,FEDLRVLSF,9,-5.285,-7.716,2.431
6dql,MWLLLLFL,8,-10.753,-9.143,1.61
6n3e,NRWDETP,7,-6.441,-7.182,0.741
6i68,KADTTTP,7,-6.663,-6.981,0.318
6iiw,VRTKAD,6,-7.715,-6.831,0.884
6nsx,SRWDVK,6,-9.054,-6.973,2.081
6jjz,DRPPPYVAPPSYE,13,-11.779,-7.566,4.213
6mt4,FEDLRVSSF,9,-5.212,-8.323,3.111
6a30,KYWWKN,6,-6.667,-7.865,1.198
6qts,RYAVVPD,7,-6.54,-7.04,0.5
6qtq,RYAVVP,6,-5.074,-6.767,1.693
6qtr,EIRRVPEFGGY,11,-6.325,-7.602,1.277
6o9c,TTAPFLSGK,9,-10.289,-7.892,2.397
6mm5,LYNRTRRISQTS,12,-6.185,-8.272,2.087
6qtw,EDQMVPS,7,-7.531,-7.334,0.197
6mt5,FEDLRLLSF,9,-6.124,-7.753,1.629
6om2,GRRGDLATIH,10,-10.571,-8.143,2.428
6o3y,EDPYDLN,7,-6.021,-6.943,0.922
6dkp,ELAGIGILTV,10,-10.144,-6.144,4.0
6a5e,RYISYGALRRNTIPC,15,-7.491,-7.625,0.134
6i5p,KADTTTP,7,-5.889,-6.938,1.049
6qtx,GFGVVPSF,8,-6.012,-7.794,1.782
6hks,TRRETQL,7,-5.83,-6.54,0.71
6mqc,AVGIGAVF,8,-11.294,-7.494,3.8
6i7a,KADTTTP,7,-5.808,-7.173,1.365
6ms1,GSYLVTSV,8,-7.12,-7.019,0.101
6aee,RIIPRHLQL,9,-7.321,-7.912,0.591
6im4,GMPRGA,6,-10.088,-7.574,2.514
6i41,KADTTTP,7,-5.747,-6.962,1.215
6qc0,SMRKICTYFHR,11,-9.878,-7.679,2.199
6o3w,DDYKLPMEYIT,11,-6.977,-6.736,0.241
6mtv,HTNETSL,7,-6.972,-6.828,0.144
6hoi,ANSFTLIGE,9,-6.954,-7.884,0.93
6pu3,STSA,4,-7.135,-6.713,0.422
6n7q,CWPTTRMSPPMQI,13,-7.029,-8.261,1.232
6njz,YSAYPDSVPM,10,-6.83,-7.926,1.096
6d3x,GRDCYCKSKPPIFP,14,-14.035,-8.465,5.57
6d40,GRDCYCKSIPPIFP,14,-13.437,-8.328,5.109
6d3z,GRNCYCKSRPPIFP,14,-12.164,-8.28,3.884
6a8n,CPCAYSRYIG,10,-10.657,-8.758,1.899
6d3y,GRDCTCKSRPPIFP,14,-11.862,-8.292,3.57
6o21,PIGFCQCRFPN,11,-11.534,-9.184,2.35
6peu,GRLGFYGYDLQD,12,-8.026,-8.272,0.246
