pdb,protein,peptide,exp,pred,signed_err,abs_err,len,abs_charge
2BTX,α-bungarotoxin,MRYYESSLKSYPD,-10.26,-5.21,5.06,5.06,13,0
1RGJ,α-bungarotoxin,FRYYESSLEPWDD,-10.91,-5.93,4.98,4.98,13,3
1HAA,α-bungarotoxin,WRYYESSLKPYPD,-10.91,-6.32,4.59,4.59,13,2
2KFH,EHD1 C-terminal EH-domain,FNYESTGPFTAK,-3.57,-7.1,-3.53,3.53,12,0
2RNW,Coactivator PCAF,ARTKQTARKSTGGKA,-4.06,-7.48,-3.42,3.42,12,4
1JBD,α-bungarotoxin,HRYYESSLEPWYPD,-10.5,-7.22,3.28,3.28,14,2
2A4J,Centrin 2 C-terminal domain (bound with Ca2+),NWKLLAKGLLIRERLKR,-11.38,-8.12,3.26,3.26,17,5
3POA,FHA domain-containing protein FhaA,DTAPTEKIAYKK,-9.55,-6.42,3.13,3.13,9,1
3P1O,14-3-3 protein sigma,KRRKSV,-9.96,-6.84,3.12,3.12,6,4
1OZS,cTnC recombinant C-domain  (bound with Ca2+),TQKIFDLRGKFKRPTLRRVR,-6.15,-9.13,-2.98,2.98,20,7
3T1N,Microcephalin,SDEF,-8.31,-5.39,2.92,2.92,5,2
1G5J,Bcl-xL (Human),NLWAAQRYGRELRRMSDEFVDSFKK,-12.58,-9.72,2.86,2.86,25,1
2K3U,CHIPS,TTPDYGHYDDKDTLDLNTPVDK,-11.02,-8.21,2.81,2.81,23,5
1A7C,plasminogen activator inhibitor type 1,(N-Ac-)XTVASSX(-NH2),-5.46,-8.22,-2.77,2.77,5,0
3UVK,WD-repeat protein-5,GCARSEPKILT,-9.27,-6.87,2.4,2.4,12,2
2RNX,Coactivator PCAF,STGGVKKPHRYKC,-4.63,-6.92,-2.29,2.29,15,5
1D5G,PTP1E PDZ2 domain,FADSEADENEQVSAV,-5.46,-7.6,-2.15,2.15,15,5
1ZSG,β-PIX SH3 domain,DATPPPVIAPRPEHTKSVYTRS,-6.99,-9.13,-2.14,2.14,22,2
2KXW,CaM,KRKQEEVSAIVIQRAYRRYLLKQKVKK,-10.91,-8.77,2.14,2.14,27,8
2KBM,S100A1 (bound with Ca2+),TRTKIDWNKILS,-6.33,-8.35,-2.02,2.02,12,2
1K9R,Hu-Yap65 WW domain,PLPPY,-4.5,-6.43,-1.93,1.93,5,0
3UAT,Disks large homolog 1,GRRHSMENLELMKLTPEK,-9.08,-7.3,1.78,1.78,19,1
2KWK,DPF3b PHD12 finger,ARTKQTARKSTGGAPRKQL,-7.69,-9.4,-1.71,1.71,18,7
1T4F,Human MDM2,RFMDYWEGL,-9.68,-8.01,1.67,1.67,15,2
1JGN,Poly(A)-binding protein,VVKSNLNPNAKEFVPGVKYGNI,-8.81,-7.14,1.67,1.67,20,3
2RNY,CBP bromodomain,GGAKRHRKVLRDNIQ,-5.0,-6.64,-1.64,1.64,15,4
3P1N,14-3-3 protein sigma,KRRKSV,-7.34,-6.06,1.29,1.29,6,4
4TKY,Thiol:disulfide interchange protein DsbA,PFATCDS,-7.78,-6.49,1.29,1.29,9,1
2LBM,ATRX ADD domain,ARTKQTARKSTGGKA,-8.96,-7.85,1.11,1.11,15,5
4NXR,Rho guanine nucleotide exchange factor TIAM1,NKDKEYYV,-5.92,-7.01,-1.09,1.09,8,0
1PD7,Sin3B PAH2 domain,VRMNIQMLLEAADYLERREREAEH,-8.9,-7.86,1.04,1.04,24,2
1K9Q,Hu-Yap65 WW domain,GPPPY,-4.3,-5.3,-1.0,1.0,5,0
2HO2,FE65 WW domain,PPPPPPPPPL,-5.37,-6.36,-0.99,0.99,10,0
2NMB,Numb PTB domain,AYIGYL,-8.56,-7.6,0.96,0.96,7,0
1M4Q,Tsg101 UEV domain,PEPTAPPEE,-6.23,-7.12,-0.89,0.89,9,3
1BE9,PSD-95 PDZ3 domain,KQTSV,-6.47,-7.33,-0.85,0.85,5,1
2RR4,zf CW domain,ARTKQTARKS,-6.52,-7.23,-0.72,0.72,10,4
3TWR,Poly [ADP-ribose] polymerase tankyrase-2,LPHLQRSPPDGQSFRS,-7.09,-6.4,0.7,0.7,16,1
2YS5,SNT-2 PTB domain,LFRLRHFPCGNVNYGYQQQ,-9.14,-8.65,0.49,0.49,19,2
1K2M,Rad53 FHA2 domain,EDIYYLD,-5.46,-5.95,-0.49,0.49,7,3
1BBZ,Abl SH3 domain,APSYSPPPPP,-7.94,-7.5,0.44,0.44,10,0
2QBX,EphB2 receptor,SNEWIQPRLPQH,-7.12,-7.53,-0.4,0.4,12,0
3LNY,Human PTP1E PDZ2 domain,EQVSAV,-6.82,-6.42,0.4,0.4,8,2
1X2R,Keap1,LDEETGEFL,-9.2,-8.98,0.22,0.22,9,4
3RQG,Cerebral cavernous malformation 3,ATRELDELMASLS,-6.33,-6.44,-0.11,0.11,12,2
1K2N,Rad53 FHA2 domain,EVELTQELP,-6.67,-6.66,0.01,0.01,9,0
2KWJ,DPF3b PHD12 finger,ARTKQTARKSTGGKAPRKQL,-8.6,-8.59,0.0,0.0,18,7
