pdb,in_nonredundant_benchmark_S2,protein,peptide,Kd_uM,pKd,exp_dG_kcal_mol,hybridock_blind_pred_dG_kcal_mol,abs_error_kcal_mol,literature_reference
3JZO,False,Human MDMX,LTFEHYWAQLTS,0.003,8.523,-11.63,-8.9,2.72,"Phan J, et al. J. Biol. Chem. 2010, 285, 2174–2183"
1IWQ,False,Ca2+-Calmodulin,KKRFSFKKSFKLSGFSFK,0.0088,8.056,-10.99,-7.88,3.11,"Yamauchi E, et al. Nat. Struct. Mol. Biol. 2003, 10, 226–231"
1AVP,False,Adenovirus proteinase,GVQSLKRRRCF,0.012,7.92,-10.8,-8.66,2.14,"McGrath WJ, et al. Biochemistry 2001, 40, 14468–14474"
4PG9,False,MHC class I,FAPGNYPAL,0.016,7.796,-10.63,-7.72,2.91,"Garstka MA, et al. Proc. Natl. Acad. Sci. U. S. A. 2015, 112, 1505–1510"
4PGE,False,MHC class I,FAPGNYPAW,0.017,7.77,-10.6,-7.19,3.41,"Garstka MA, et al. Proc. Natl. Acad. Sci. U. S. A. 2015, 112, 1505–1510"
1G1E,False,Sin3A PAH2 domain,RMNIQMLLEAADYLER,0.029,7.523,-10.26,-8.88,1.38,"Brubaker K, et al. Cell 2000, 103, 655–665"
2NM1,True,BoNT/B,EDMFAKLKDKFFNEINK,0.034,7.469,-10.19,-9.32,0.86,"Jin R, et al. Nature 2006, 444, 1092–1095"
1B5J,False,OppA,KQK,0.037,7.432,-10.14,-6.62,3.52,"Sleigh SH, et al. J. Mol. Biol. 1999, 291, 393–415"
3UVU,False,Importin subunit alpha-1,SAKRKEPEPKGSTKKKAKT,0.042,7.377,-10.06,-7.83,2.23,"de Barros A C, et al. Acta Crystallogr. D Biol. Crystallogr. 2012, 68, 743–750"
1B51,False,OppA,KSK,0.043,7.367,-10.05,-6.52,3.53,"Sleigh SH, et al. J. Mol. Biol. 1999, 291, 393–415"
1QKB,False,OppA,KVK,0.045,7.347,-10.02,-6.85,3.17,"Sleigh SH, et al. J. Mol. Biol. 1999, 291, 393–415"
1OQP,False,Caltractin C-terminal domain,KKRELIESKWHRLLFHDKK,0.05,7.301,-9.96,-7.57,2.39,"Veeraraghavan S, et al. J. Biol. Chem. 2002, 277, 28564–28571"
1B40,False,OppA,KFK,0.053,7.276,-9.93,-8.05,1.87,"Sleigh SH, et al. J. Mol. Biol. 1999, 291, 393–415"
4ERY,True,WD repeat-containing protein 5,VNPTGCARSEPKMS,0.054,7.268,-9.91,-8.72,1.19,"Dharmarajan V, et al. J. Biol. Chem. 2012, 287, 27275–27289"
4K0U,True,Lipoprotein OutS,RTFRQVQSSISDFYD,0.055,7.26,-9.9,-8.14,1.76,"Rehman S, et al. Acta Crystallogr.,Sect.D, 2013, 69, 1381–1386"
1JET,False,OppA,KAK,0.056,7.252,-9.89,-7.21,2.69,"Sleigh SH, et al. J. Mol. Biol. 1999, 291, 393–415"
2BBA,True,EphB4 receptor,NYLFSPNGPIARAW,0.071,7.149,-9.75,-7.77,1.98,"Chrencik JE, et al. Structure 2006, 14, 321–330"
2PV1,True,SurA first PPIase domain,WEYIPNV,0.073,7.14,-9.74,-7.91,1.83,"Xu X, et al. J. Mol. Biol. 2007, 373, 367–381"
1B05,False,OppA,KCK,0.075,7.125,-9.72,-8.12,1.6,"Sleigh SH, et al. J. Mol. Biol. 1999, 291, 393–415"
1B52,False,OppA,KTK,0.076,7.119,-9.71,-6.78,2.93,"Sleigh SH, et al. J. Mol. Biol. 1999, 291, 393–415"
1B32,False,OppA,KMK,0.079,7.102,-9.69,-6.94,2.75,"Sleigh SH, et al. J. Mol. Biol. 1999, 291, 393–415"
1B5I,False,OppA,KNK,0.09,7.046,-9.61,-6.85,2.76,"Sleigh SH, et al. J. Mol. Biol. 1999, 291, 393–415"
1GUX,False,Retinoblastoma tumour suppressor pocket domain,DLYCYEQLN,0.11,6.959,-9.49,-7.92,1.58,"Lee JO, et al. Nature 1998, 391, 859–865"
4PGD,False,MHC class I,FAPGNYPAF,0.119,6.924,-9.45,-7.73,1.71,"Garstka MA, et al. Proc. Natl. Acad. Sci. U. S. A. 2015, 112, 1505–1510"
1JEV,False,OppA,KWK,0.13,6.886,-9.39,-8.05,1.35,"Sleigh SH, et al. J. Mol. Biol. 1999, 291, 393–415"
1B3F,False,OppA,KHK,0.13,6.886,-9.39,-6.72,2.68,"Sleigh SH, et al. J. Mol. Biol. 1999, 291, 393–415"
1JEU,False,OppA,KEK,0.15,6.824,-9.31,-6.92,2.39,"Sleigh SH, et al. J. Mol. Biol. 1999, 291, 393–415"
3ZKE,True,"Dynein light chain 1, cytoplasmic",VGMHSKGTQTA,0.16,6.796,-9.27,-6.86,2.41,"Gallego P, et al. J. Biol. Chem. 2013, 288, 12283–12294"
1MWN,False,S100B protein,TRTKIDWNKILS,0.2,6.7,-9.14,-8.42,0.72,"Barber KR, et al. J. Biol. Chem. 1999, 274, 1502–1508"
1B3G,False,OppA,KIK,0.2,6.7,-9.14,-7.55,1.59,"Sleigh SH, et al. J. Mol. Biol. 1999, 291, 393–415"
3G19,False,ATP-dependent Clp protease adapter protein ClpS,LLL,0.214,6.67,-9.1,-7.5,1.6,"Román-Hernández G, et al. PNAS 2009, 106, 8888–8893"
2KPL,False,MAGI-1 PDZ1 domain,RSSRTRRETQV,0.23,6.638,-9.05,-8.34,0.71,"Charbonnier S, et al. J. Mol. Biol. 2011, 406, 745–763"
1H3H,False,Gads SH3 domain,APSIDRSTKPA,0.24,6.62,-9.03,-7.74,1.29,"Berry MD, et al. Curr. Biol. 2002, 12, 1336–1341"
1B58,False,OppA,KYK,0.26,6.585,-8.98,-7.2,1.78,"Sleigh SH, et al. J. Mol. Biol. 1999, 291, 393–415"
3DRF,False,Oligopeptide-binding protein oppA,ASNSIASG,0.26,6.585,-8.98,-8.29,0.69,"Berntsson R P A, et al. The EMBO Journal 2009, 28, 1332–1340"
1ZUB,True,RIM1α PDZ domain,CDQDEEEGIWA,0.27,6.569,-8.96,-7.11,1.85,"Lu J, et al. J. Mol. Biol. 2005, 352, 455–466"
1MQ1,False,Alzheimer-linked neural protein S100B (bound with Ca2+),TRTKIDWNKILS,0.27,6.569,-8.96,-8.53,0.44,"McClintock KA, et al. Biochemistry 2002, 41, 5421–5428"
2KHH,False,Mex67 UBA domain,DSGFSFGSK,0.276,6.559,-8.95,-7.39,1.56,"Hobeika M, et al. J. Biol. Chem. 2009, 284, 17575–17583"
5CFA,False,Bone sialoprotein-binding protein,SKQFTSSTSYNRGDS,0.29,6.538,-8.92,-7.78,1.14,"Zhang X, et al. Protein Cell 2015, 6,757–766"
4TZQ,False,HORMA domain-containing protein,STARYGVSNTSINRKKP,0.3,6.523,-8.9,-7.2,1.7,"Kim Y, et al. Dev. Cell 2014, 31, 487–502"
4TZN,True,HORMA domain-containing protein,AMRYGQSPNMPSRRGN,0.3,6.523,-8.9,-7.97,0.93,"Kim Y, et al. Dev. Cell 2014, 31, 487–502"
1X11,True,X11 PTB domain,QNGYENPTYKFFE,0.32,6.495,-8.86,-7.38,1.48,"Zhang Z, et al. EMBO J 1997, 16, 6141–6150"
1BXL,False,Bcl-xL (Escherichia coli),GQVGRQLAIIGDDINR,0.34,6.469,-8.82,-8.12,0.7,"Sattler M, et al. Science 1997, 275, 983–986"
1G3F,False,XIAP BIR3 domain,AVPIAQKSE,0.43,6.367,-8.69,-7.4,1.28,"Liu Z, et al. Nature 2000, 408, 1004–1008"
1QWF,False,Src SH3 domain,VSLARRPLPPLP,0.45,6.347,-8.66,-7.41,1.25,"Feng S, et al. PNAS 1995, 92, 12408–12415"
3DRG,False,Oligopeptide-binding protein oppA,RPPGFSPFA,0.5,6.301,-8.6,-7.34,1.25,"Berntsson R P A, et al. The EMBO Journal 2009, 28, 1332–1340"
5ZYS,False,MAG1 PDZ3 domain,LPFELPGHLV,0.54,6.268,-8.55,-7.44,1.11,"Weng Z, et al. J. Am. Soc. Nephrol. 2018, 29, 2362–2371"
1D4T,False,T Cell signal transduction molecule SAP,KSLTIYAQVQK,0.65,6.187,-8.44,-7.37,1.07,"Poy F, et al. Mol. Cell 1999, 4, 555–561"
2JNW,True,ERCC1,KIIDTGGGFILEEE,0.78,6.108,-8.33,-7.73,0.6,"Tsodikov OV, et al. EMBO J. 2007, 26, 4768–4776"
2R7G,False,Retinoblastoma-associated protein,PPTLHELYDL,0.9,6.046,-8.25,-7.73,0.52,"Liu X, et al. Genes Dev. 2007, 21, 2711–2716"
4EZW,False,Chaperone protein DnaK,NRLLLTG,1.0,6.0,-8.18,-8.11,0.07,"Zahn M, et al. J. Mol. Biol. 2013, 425, 2463–2479"
2DF6,False,β-PIX SH3 domain,PPVIAPRPEHTKSIYTRSV,1.05,5.979,-8.16,-8.31,0.15,"Hoelz A, et al. J. Mol. Biol. 2006, 358, 509–522"
2HUG,False,cpSRP43 chromatin modifier domain 2,APPGTARRKRKADS,1.06,5.975,-8.15,-6.89,1.26,"Kathir KM, et al. J. Mol. Biol. 2008, 381, 49–60"
2M0V,False,NHERF1 PDZ2 domain,QDTRL,1.079,5.967,-8.14,-6.62,1.52,"Bhattacharya S, et al. J. Mol. Biol. 2013, 425, 2509–2528"
2PEH,False,SPF45 UHM domain,KRKSRWDETP,1.1,5.959,-8.13,-7.57,0.56,"Corsini L, et al. Nat. Struct. Mol. Biol. 2007, 14, 620–629"
1B9J,False,OppA,KLK,1.1,5.959,-8.13,-7.26,0.87,"Sleigh SH, et al. J. Mol. Biol. 1999, 291, 393–415"
1QWE,False,Src SH3 domain,APPLPPRNRPRL,1.2,5.921,-8.08,-7.24,0.84,"Feng S, et al. PNAS 1995, 92, 12408–12415"
3R0H,True,INAD PDZ45 tandem,ALRNGQYWV,1.2,5.92,-8.08,-8.96,0.88,"Liu W, et al. Cell 2011, 145, 1088–1101"
1QKA,False,OppA,KRK,1.2,5.921,-8.08,-7.13,0.95,"Sleigh SH, et al. J. Mol. Biol. 1999, 291, 393–415"
2JOA,True,HtrA1 PDZ domain,DSRIWWV,1.3,5.886,-8.03,-6.92,1.11,"Runyon ST, et al. Protein Sci. 2007, 16, 2454–2471"
2OQS,False,Dlg PDZ2 domain,RRETQV,1.33,5.876,-8.02,-6.72,1.29,"Liu Y, et al. Biochemistry 2007, 46, 10864–10874"
1ABT,False,α-bungarotoxin,KHWVYYTCCPDT,1.4,5.854,-7.99,-7.21,0.78,"Pearce SF, et al. Biochemistry 1990, 29, 10649–10659"
5A2J,True,Ig lambda-1 chain V region S43/Ig heavy chain V-III region J606,APDTRP,1.4,5.854,-7.99,-6.8,1.18,"Martínez-Sáez N, et al.  Angew. Chem. Int. Ed. Engl. 2015, 54, 9830–9834"
4EZX,False,Chaperone protein DnaK,NRLMLTG,1.6,5.796,-7.91,-7.19,0.71,"Zahn M, et al. J. Mol. Biol. 2013, 425, 2463–2479"
5E2Q,False,Human DPP3,DRVYIHPF,1.64,5.785,-7.89,-7.92,0.02,"Kumar P, et al. Sci. Rep. 2016, 6, 23787–23787"
1DDM,True,Numb PTB domain,GFSNMSFEDFP,1.7,5.77,-7.87,-7.6,0.27,"Zwahlen C, et al. EMBO J. 2000, 19, 1505–1515"
3PLU,False,Ubiquitin-like modifier HUB1,NLSIEETNEIREKLGMKPI,1.69,5.772,-7.87,-8.03,0.15,"Mishra S K, et al. Nature 2011, 474, 173–178"
1CKA,True,c-Crk SH3-N domain,PPPALPPKKR,1.89,5.724,-7.81,-7.95,0.15,"Knudsen BS, et al. EMBO J. 1995, 14, 2191–2198"
4YK6,True,APC ARM domain,YQGGGEEMALP,1.96,5.708,-7.79,-8.16,0.38,"Zhang Z, et al. Cell Discov. 2015, 1, 15016–15016"
1DKD,False,Chaperonin GroEL,SWMTTPWGFLHP,2.0,5.699,-7.77,-7.11,0.66,"Chen L and Sigler PB. Cell 1999, 99, 757–768"
4N7G,False,14-3-3 protein ζ/δ,QGLLDALDLAS,2.2,5.66,-7.72,-8.17,0.45,"Glas A, et al. Angew. Chem. Int. Ed. Engl. 2014, 53, 2489–2493"
1UTI,True,Mona/Gads SH3C domain,GQPPLVPPRKEKMRGK,2.4,5.62,-7.67,-8.21,0.54,"Lewitzky M, et al. J. Biol. Chem. 2004, 279, 28724"
2OLB,False,OppA,KKK,2.9,5.538,-7.55,-7.22,0.33,"Sleigh SH, et al. J. Mol. Biol. 1999, 291, 393–415"
2L8J,False,GABARAPL-1,GAMGSASSEDYIIILPES,3.0,5.523,-7.53,-7.72,0.19,"Rozenknop A, et al. J. Mol. Biol. 2011, 410, 477–487"
5VWK,True,SCRIB PDZ1 domain,PAWDETNL,3.3,5.481,-7.48,-7.2,0.27,"Lim KYB, et al. J. Biol. Chem. 2017, 292, 20425–20436"
5E3A,False,Human DPP3,YGGFL,3.6,5.444,-7.43,-8.06,0.64,"Kumar P, et al. Sci. Rep. 2016, 6, 23787–23787"
2WA8,True,ATP-dependent Clp protease adapter protein ClpS,FRSKGEELFT,3.8,5.42,-7.39,-7.57,0.17,"Schuenemann V J, et al. EMBO reports 2009, 10, 508–514"
2MPS,False,E3 ubiquitin-protein ligase Mdm2,DGGTTFEHLWSSLEPD,3.9,5.409,-7.38,-7.79,0.41,"Shin JS, et al.Cell Cycle 2015,14, 533–543"
1PZ5,True,Fab (SYA/J6),MDWNMHAA,4.0,5.398,-7.36,-8.77,1.4,"Vyas NK, et al. Proc. Natl. Acad. Sci. U. S. A. 2003, 100, 15023–15028"
2LTX,False,E3 ubiquitin-protein ligase SMURF1,ELESPPPPYSRYPMD,4.1,5.387,-7.35,-8.82,1.47,"Aragón E, et al. Structure 2012, 20, 1726–1736"
1AQC,False,X11 PTB domain,GYENPTYKFF,4.56,5.341,-7.29,-7.41,0.13,"Zhang Z, et al. EMBO J 1997, 16, 6141–6150"
3V2X,True,Ankyrin repeat family A protein 2,LLPTLPKLPSL,4.5,5.347,-7.29,-8.4,1.11,"Xu C, et al. Sci. Signal. 2012, 5, ra39–ra39"
5DAH,False,Protein AF-10,QLATKAARKSA,5.0,5.301,-7.23,-7.69,0.46,"Chen S, et al. Mol. Cell 2015, 60, 319–327"
3UPV,False,Heat shock protein STI1,PTVEEVD,5.0,5.301,-7.23,-7.02,0.22,"Schmid AB, et al. EMBO J. 2012, 31, 1506–1517"
1B46,False,OppA,KPK,5.2,5.284,-7.21,-6.69,0.52,"Sleigh SH, et al. J. Mol. Biol. 1999, 291, 393–415"
1CKB,False,c-Crk SH3-N domain,PPPVPPRRRR,5.24,5.281,-7.2,-7.48,0.28,"Knudsen BS, et al. EMBO J. 1995, 14, 2191–2198"
2K3W,False,VPS4A MIT domain,EQIELPEVPSEPLPEK,5.8,5.237,-7.14,-7.26,0.12,"Kieffer C, et al. Dev. Cell 2008, 15, 62–73"
1B4Z,False,OppA,KDK,5.9,5.229,-7.13,-7.14,0.0,"Sleigh SH, et al. J. Mol. Biol. 1999, 291, 393–415"
2KOH,False,par3 PDZ domain,MLAELYGSDPQEELII,6.0,5.222,-7.12,-7.66,0.53,"Tyler RC, et al. Biochemistry 2010, 49, 951–957"
4EZR,False,Chaperone protein DnaK,SHPRPIRV,6.3,5.201,-7.09,-6.79,0.3,"Zahn M, et al. J. Mol. Biol. 2013, 425, 2463–2479"
4EZZ,False,Chaperone protein DnaK,ELPLVKI,6.4,5.194,-7.09,-7.75,0.67,"Zahn M, et al. J. Mol. Biol. 2013, 425, 2463–2479"
2KE1,False,Autoimmune regulator first PHD finger,ARTKQTARKS,6.5,5.187,-7.08,-7.66,0.59,"Org T, et al. EMBO rep. 2008, 9, 370–376"
2LTV,False,Transcriptional coactivator YAP1,SPPPPYSRYPMD,6.9,5.161,-7.04,-9.42,2.38,"Aragón E, et al. Structure 2012, 20, 1726–1736"
2KNH,True,AML1-ETO eTAFH domain,IGTDKELSDLLDFSAMFS,7.0,5.155,-7.03,-6.51,0.52,"Park S, et al. Blood 2009, 113, 3558–3567"
4EZT,False,Chaperone protein DnaK,PRRPVIMRR,7.4,5.131,-7.0,-7.81,0.81,"Zahn M, et al. J. Mol. Biol. 2013, 425, 2463–2479"
6F0Y,True,Histone chaperone ASF1,LAITMLKPRKKAKAL,7.78,5.109,-6.97,-7.59,0.62,"Lercher L, et al. Nucleic Acids Res. 2018, 46, 2279–2289"
1RLP,False,Src SH3 domain,RALPPLPRY,8.0,5.097,-6.95,-7.8,0.85,"Feng S, et al. Science 1994, 266, 1241–1247"
2VWF,True,Grb2 SH3C domain,IQPPPVNRNLKPDRK,8.7,5.06,-6.9,-7.3,0.4,"Harkiolaki M, et al. Structure, 2009, 17, 809"
2W85,False,Pex14,SQEKFFQELFDS,9.0,5.046,-6.88,-8.29,1.4,"Neufeld C, et al. EMBO J. 2009, 28, 745–754"
5LYN,False,Sgt2 TPR domain,PTVEEVD,9.04,5.044,-6.88,-7.21,0.33,"Krysztofinska EM, et al. Front. Mol. Biosci. 2017, 4, 68–68"
2KBS,False,Harmonin PDZ2 domain,TPLEITEL,10.0,5.0,-6.82,-7.49,0.67,"Pan L, et al. PNAS 2009, 106, 5575–5580"
1OAI,False,Tap/NXF1 UBA domain,DSGFSFGSK,10.0,5.0,-6.82,-8.14,1.32,"Grant RP, et al. J. Mol. Biol. 2003, 326, 849"
4APO,True,AH receptor-interacting protein,AEDDVE,12.3,4.91,-6.7,-6.68,0.02,"Morgan R M L, et al. PLoS One 2012, 7, e53339."
4YJE,False,APC ARM domain,LTGCGDIIAEQ,14.4,4.842,-6.61,-8.57,1.97,"Zhang Z, et al. Cell Discov. 2015, 1, 15016–15016"
4AIF,False,AIP TPR domain,SRMEEVD,14.4,4.84,-6.6,-7.02,0.42,"Morgan RM, et al. PLoS One 2012, 7, 53339"
4J8B,True,α-COP,LKTKLL,16.1,4.793,-6.54,-8.36,1.82,"Ma W, et al. EMBO J.2013, 32, 926–937"
3CYY,False,ZO-1 PDZ2 domain,RPRPDDLEI,16.8,4.775,-6.51,-6.93,0.42,"Chen J, et al. EMBO J. 2008, 27, 2113–2123"
1OM2,False,Protein import receptor Tom20 (deletion of the first 50 residues),GPRLSRLLSYA,20.0,4.699,-6.41,-7.66,1.25,"Abe Y, et al. Cell 2000, 100, 551–560"
1F47,True,Cell-division protein ZipA,KEPDYLDIPAFLRKQAD,21.6,4.666,-6.36,-8.34,1.97,"Mosyak L, et al. EMBO J. 2000, 19, 3179–3191"
4J78,False,β'-COP,KTKLL,22.5,4.648,-6.34,-8.05,1.71,"Ma W, et al. EMBO J.2013, 32, 926–937"
2RQU,True,DDEF1 SH3 domain,CIISAMPTKSSRKAKKPAQ,23.6,4.627,-6.31,-8.13,1.82,"Kaieda S, et al. Biochemistry 2010, 49, 5143–5153"
2K00,False,Talin F3 subdomain,GRSKESGWVENEIYY,24.0,4.62,-6.3,-7.8,1.5,"Wegener KL, et al. J. Mol. Biol. 2008, 382, 112–126"
2ROL,False,Eps8L1 SH3 domain,PPVPNPDYEPIR,24.0,4.62,-6.3,-7.53,1.23,"Aitio O, et al. J. Mol. Biol. 2008, 382, 167–178"
2KBR,False,Harmonin N-domain,DDDRYLREAIQEYDNIAK,25.0,4.602,-6.28,-7.5,1.23,"Pan L, et al. PNAS 2009, 106, 5575–5580"
2JQ9,False,VPS4A MIT domain,VRSQEDQLSRRLAALRN,33.4,4.476,-6.11,-7.64,1.54,"Stuchell–Brereton MD, et al. Nature 2007, 449, 740–744"
4NXQ,False,Rho guanine nucleotide exchange factor TIAM1,ENQKEYFF,38.4,4.416,-6.02,-8.02,1.99,"Liu X, et al. Structure 2016, 24, 2053–2066"
1JMQ,True,Hu-Yap65 WW domain (L30K mutation),GTPPPPYTVG,40.0,4.398,-6.0,-6.98,0.98,"Pires JR, et al. J. Mol. Biol. 2001, 314, 1147–1156"
1MFG,True,ERBIN PDZ domain,EYLGLDVPV,50.0,4.301,-5.87,-7.33,1.46,"Birrane G, et al. J. Biol. Chem. 2003, 278, 1399–1402"
2JO9,False,Itch WW3 domain,EEPPPPYED,52.1,4.283,-5.84,-7.07,1.23,"Morales B, et al. Structure 2007, 15, 473–483"
1I5H,True,Nedd4 WW3 domain,GSTLPIPGTPPPNYDSL,53.0,4.276,-5.83,-8.82,2.98,"Kanelis V, et al. Nat. Struct. Biol. 2001, 8, 407–412"
2KZU,True,DAXX DHB domain,GSQEDSDSELEQYFTARW,55.0,4.26,-5.81,-7.11,1.3,"Escobar–Cabrera E, et al. 2010, Structure 18, 1642–1653"
2KSP,False,Eps15 homology domain-containing protein,LESKPYNPFEEEEED,57.0,4.244,-5.79,-7.78,1.99,"Kieken F, et al. J. Biol. Chem. 2010, 285, 8687–8694"
1PRL,False,Src SH3 domain,AFAPPLPRR,59.0,4.229,-5.77,-6.72,0.96,"Feng S, et al. Science 1994, 266, 1241–1247"
2LTW,False,Transcriptional coactivator YAP1,GESPPPPYSRYPMD,59.8,4.233,-5.77,-9.1,3.32,"Aragón E, et al. Structure 2012, 20, 1726–1736"
3DS4,False,HIV-1 capsid C-terminal domain,ITFEDLLDYYGP,64.5,4.19,-5.72,-7.67,1.96,"Bartonova V, et al. J. Biol. Chem. 2008, 283, 32024–32033"
5EPP,False,p97 N-terminus Domain,SPEEMRRQRLHRFDS,68.9,4.162,-5.68,-7.85,2.17,"Lim JJ, et al. Biochem. J. 2016, 473, 2863–2880"
4JOF,False,Golgi-associated PDZ and coiled-coil motif-containing protein,ANSRLPTSII,68.0,4.167,-5.68,-7.04,1.35,"Amacher JF, et al. Structure 2014, 22, 82–93"
5NJX,False,FKBP51 protein,DTSRMEEVD,70.0,4.155,-5.67,-7.01,1.34,"Kumar R, et al. Sci. Rep. 2017, 7, 14288–14288"
5E6O,False,Protein lgg-2,WEEL,76.9,4.114,-5.61,-6.96,1.35,"Wu F, et al. Mol. Cell 2015, 60, 914–929"
1LB6,False,TRAF6,KQEPQEIDF,84.0,4.076,-5.56,-7.37,1.81,"Ye H, et al. Nature 2002, 418, 443–447"
3R42,False,vps23 UEV domain,QVPSDPYNY,84.0,4.076,-5.56,-7.07,1.51,"Ren X, et al. EMBO J. 2011, 30, 2130–2139"
4JOK,False,Golgi-associated PDZ and coiled-coil motif-containing protein,ANSRYPTSII,85.3,4.069,-5.55,-7.41,1.86,"Amacher JF, et al. Structure 2014, 22, 82–93"
1AWI,False,Platelet profilin,PPPPPPPPPP,90.0,4.046,-5.52,-7.36,1.84,"Mahoney NM, et al. Nat. Struct. Biol. 1997, 4, 953–960"
2RM0,False,FBP28 WW2 domain,PPPLIPPPP,94.0,4.027,-5.49,-7.53,2.04,"Ramirez–Espain X, et al. J. Mol. Biol. 2007, 373, 1255–1268"
2W0Z,False,Grb2 SH3C domain,APPPRPPKP,93.8,4.028,-5.49,-6.55,1.06,"Harkiolaki M, et al. Structure, 2009, 17, 809"
4JOJ,False,Golgi-associated PDZ and coiled-coil motif-containing protein,ANSRFPTSII,110.0,3.959,-5.4,-7.41,2.01,"Amacher JF, et al. Structure 2014, 22, 82–93"
2ODD,True,AML1-ETO MYND domain,TISNPPPLISSAK,109.4,3.961,-5.4,-7.96,2.56,"Liu Y, et al. Cancer Cell 2007, 11, 483–497"
4BT9,True,C-P4H,PPGPPGPPG,144.0,3.842,-5.24,-7.25,2.01,"Anantharajan J, et al. Structure 2013, 21, 2107"
1MXL,False,Cardiac troponin-C (bound with Ca2+),RISADAMMQALLGARAK,154.0,3.812,-5.2,-8.11,2.91,"Li MX, et al. Biochemistry 1999, 38, 8289–8298"
3NFK,False,PTPN4 PDZ domain,SWESHKSGGETRL,157.0,3.804,-5.19,-7.3,2.11,"Babault N, et al. Structure 2011, 19, 1518–1524"
2JUP,False,FBP28 WW2 domain,PPLIPPPP,156.0,3.807,-5.19,-6.56,1.37,"Ramirez–Espain X, et al. J. Mol. Biol. 2007, 373, 1255–1268"
1L2Z,False,CD2BP2 adaptor GYF domain,SHRPPPPGHRV,190.0,3.721,-5.08,-7.78,2.7,"Freund C, et al. EMBO J. 2002, 21, 5985–5995"
4JOG,False,Golgi-associated PDZ and coiled-coil motif-containing protein,ANSRVPTSII,190.0,3.721,-5.08,-7.06,1.99,"Amacher JF, et al. Structure 2014, 22, 82–93"
2KFF,False,EHD1 C-terminal EH-domain,FNYESTNPFTAK,245.0,3.611,-4.93,-7.36,2.43,"Kieken F, et al. Protein Sci. 2009, 18, 2471–2479"
2RLY,False,FBP28 WW2 domain,PTPPPLPP,270.0,3.569,-4.87,-6.03,1.17,"Ramirez–Espain X, et al. J. Mol. Biol. 2007, 373, 1255–1268"
4JOE,True,Golgi-associated PDZ and coiled-coil motif-containing protein,ANSRAPTSII,275.0,3.561,-4.86,-7.28,2.42,"Amacher JF, et al. Structure 2014, 22, 82–93"
3OBQ,False,Tsg101 UEV domain,PTPSAPVPL,290.0,3.538,-4.83,-6.21,1.39,"Im YJ, et al. Structure 2010, 18, 1536–1547"
2O9V,False,Ponsin SH3 domain,VPPPVPPPPS,288.0,3.541,-4.83,-6.68,1.85,"Gehmlich K, et al. J. Mol. Biol. 2007, 369, 665–682"
4B4N,False,GAG protein,PVLFPGQPFGQPPLG,362.0,3.441,-4.69,-7.26,2.56,"Price AJ, et al. Plos Pathog. 2012, 8, 2896"
1YWI,False,FBP11 WW1 domain,APPTPPPLPP,371.0,3.431,-4.68,-6.73,2.05,"Pires JR, et al. J. Mol. Biol. 2005, 348, 399–408"
2JQK,True,VPS4B MIT domain,KATISDEEIERQLKALGVD,402.0,3.396,-4.63,-7.18,2.54,"Stuchell–Brereton MD, et al. Nature 2007, 449, 740–744"
4JOH,False,Golgi-associated PDZ and coiled-coil motif-containing protein,ANSRHPTSII,450.0,3.347,-4.57,-7.12,2.55,"Amacher JF, et al. Structure 2014, 22, 82–93"
1Q5L,False,HSP70 chaperone protein domain DnaK,NRLLLTG,600.0,3.222,-4.4,-7.59,3.19,"Pellecchia M, et al. Nat. Struct. Biol. 2000, 7, 298–303"
2KFG,False,EHD1 C-terminal EH-domain,FNYESTDPFTAK,1200.0,2.921,-3.98,-7.0,3.02,"Kieken F, et al. Protein Sci. 2009, 18, 2471–2479"
2K2R,False,α-parvin CH domain,DLDALLADLE,1200.0,2.921,-3.98,-7.43,3.44,"Wang X, et al. J. Biol. Chem. 2008, 283, 21113–21119"
