pdb_id,vina_score,ad4_score,n_contact_residues
dd_pro_1,-11.574,-8.44,8
apc_amer1_2,-21.246,-20.451,11
dd_pro_2,-11.818,-9.133,9
apc_amer1_1,-21.279,-19.761,11
apc_amer1_3,-34.296,-28.559,13
sumo1_piasx_1,-10.193,-8.423,9
phd_h3_1,-11.49,-13.535,9
phd_h3_5,-9.441,-9.162,8
sumo1_piasx_2,-11.68,-9.667,9
sumo1_piasx_3,-11.013,-9.408,9
sumo1_piasx_5,-10.496,-8.72,9
sumo1_piasx_4,-11.131,-9.128,9
sumo2_piasx_1,-13.158,-11.452,10
sumo2_piasx_2,-12.104,-9.842,10
sumo2_piasx_3,-14.215,-11.17,10
sumo2_piasx_4,-14.614,-11.958,10
sumo2_piasx_6,-13.574,-11.868,10
sumo2_piasx_5,-13.849,-11.509,10
tatsf1_ulm_1,-16.975,-12.714,11
tatsf1_ulm_2,-6.279,-6.269,6
tatsf1_ulm_3,-11.938,-11.511,10
ttslyd_s2_1,-22.995,-21.273,14
ttslyd_s2_10,-22.622,-21.358,14
ttslyd_s2_11,-20.042,-18.778,14
ttslyd_s2_12,-16.393,-17.223,12
ttslyd_s2_13,-18.438,-18.918,15
ttslyd_s2_14,-15.851,-14.746,14
ttslyd_s2_15,-16.928,-17.901,13
ttslyd_s2_16,-14.098,-13.277,11
ttslyd_s2_17,-11.744,-10.573,9
ttslyd_s2_2,-9.456,-8.686,8
ttslyd_s2_3,-6.695,-5.692,8
ttslyd_s2_4,-1.276,130.846,10
ttslyd_s2_5,-17.131,-16.163,13
ttslyd_s2_6,-14.302,-14.277,9
ttslyd_s2_7,-22.683,-21.068,13
ttslyd_s2_8,-22.477,-20.804,12
ttslyd_s2_9,-22.479,-20.734,12
hrpn13_hrpn2_1,-16.479,-14.667,10
hrpn13_hrpn2_2,-20.251,-17.381,14
a-adaptin_bp_1,-12.387,-9.434,9
a-adaptin_bp_2,-16.934,-12.29,12
a-adaptin_bp_20,-15.111,-12.273,9
a-adaptin_bp_21,-13.396,-11.174,10
a-adaptin_bp_22,-10.575,-8.93,7
