pdb_id,peptide_sequence,experimental_pkd
1BE9,KQTSV,4.745
1TP5,KKETWV,5.553
3R42,QVPSDPYNY,4.076
3UVK,GCARSEPKILT,6.796
4AIF,SRMEEVD,4.84
3OBQ,PTPSAPVPL,3.538
5ZYS,LPFELPGHLV,6.268
2PEH,KRKSRWDETP,5.959
4B4N,PVLFPGQPFGQPPLG,3.441
3UPV,PTVEEVD,5.301
2AK5,RPPKPRPR,4.854
2R7G,PPTLHELYDL,6.046
1GUX,DLYCYEQLN,6.959
1X2R,LDEETGEFL,6.745
2HO2,PPPPPPPPPL,3.936
2HPL,DDLYG,5.444
2W0Z,APPPRPPKP,4.028
5E2Q,DRVYIHPF,5.785
5E3A,YGGFL,5.444
4J78,KTKLL,4.648
1LB6,KQEPQEIDF,4.076
4YJE,LTGCGDIIAEQ,4.842
5V2Q,ASPLEEDLCGYLCWITQAE,8.284
4CKT,ELDSDDEFS,6.409
6MJL,NYWKRRIEV,5.495
3LW1,FKTEGPDSD,4.788
3O8I,QRSTSTPNVH,4.932
3P1N,KRRKSV,5.384
3PLU,NLSIEETNEIREKLGMKPI,5.772
4NXQ,ENQKEYFF,4.416
4TKY,PFATCDS,5.7
4WYU,SWFQTDL,5.137
5CFA,SKQFTSSTSYNRGDS,6.538
5DAH,QLATKAARKSA,5.301
5HJC,APRKQLATK,4.347
5SZB,ARTKQTARKSTGGKAPRK,5.108
5SZC,ARTKQTARKSTGGKAPRK,4.69
5XNV,AARKSAPA,4.32
