pdb_id,peptide_sequence,experimental_pkd,binding_group
APC_AMER1_1,LTGCGDIIAEQ,4.841638,APC - Amer1 Fragment
APC_AMER1_2,YQGGGEEMALP,5.69897,APC - Amer1 Fragment
APC_AMER1_3,PRDSYSGDALYEF,5.958607,APC - Amer1 Fragment
DD_PRO_1,PPPPPPPPP,5.008774,DD Construct - Pro Peptides
DD_PRO_2,PPGPPGPPG,3.843148,DD Construct - Pro Peptides
PHD_H3_1,ARTKQTARKSTG,6.031517,PHD-UHRF1 - H3
PHD_H3_5,AATKQTARKSTGGK,4.505845,PHD-UHRF1 - H3
SUMO1_PIASX_1,KVDVIDLTIE,5.048662,SUMO1 - PIASX SIM
SUMO1_PIASX_2,KYDVIDLTIE,5.130182,SUMO1 - PIASX SIM
SUMO1_PIASX_3,KVDYIDLTIE,5.260428,SUMO1 - PIASX SIM
SUMO1_PIASX_4,KVDVYDLTIE,3.761954,SUMO1 - PIASX SIM
SUMO1_PIASX_5,KVDVIDLTIA,3.801343,SUMO1 - PIASX SIM
SUMO2_PIASX_1,KVDVIDLTIE,5.294992,SUMO2 - PIASX SIM
SUMO2_PIASX_2,KGDVIDLTIE,5.127261,SUMO2 - PIASX SIM
SUMO2_PIASX_3,KYDVIDLTIE,5.661544,SUMO2 - PIASX SIM
SUMO2_PIASX_4,KVDYIDLTIE,5.866461,SUMO2 - PIASX SIM
SUMO2_PIASX_5,KVDVYDLTIE,3.987163,SUMO2 - PIASX SIM
SUMO2_PIASX_6,KVDVIDLTIA,4.222573,SUMO2 - PIASX SIM
TATSF1_ULM_1,ARKNRWDETPKTERDTPGH,4.723538,Tat_SF1 - SF3b1 ULM Fragment
TATSF1_ULM_2,KRKRRWDQTADQTPGATPK,5.522879,Tat_SF1 - SF3b1 ULM Fragment
TATSF1_ULM_3,KRKSRWDETPASQMGGSTP,6.09691,Tat_SF1 - SF3b1 ULM Fragment
TTSLYD_S2_1,TRYWNPKMKPFIFGA,6.793174,TtSlyD - S2 Fragment
TTSLYD_S2_10,TRYWNNKMKNFIFGA,6.630784,TtSlyD - S2 Fragment
TTSLYD_S2_11,TRYANPKMKPFIFGA,6.068034,TtSlyD - S2 Fragment
TTSLYD_S2_12,QTRYWNPKMKPFIFGAR,7.113509,TtSlyD - S2 Fragment
TTSLYD_S2_13,HQTRYWNPKMKPFIFGARN,7.154902,TtSlyD - S2 Fragment
TTSLYD_S2_14,GHQTRYWNPKMKPFIFGARNK,7.455932,TtSlyD - S2 Fragment
TTSLYD_S2_15,FGHQTRYWNPKMKPFIFGARNKV,7.283997,TtSlyD - S2 Fragment
TTSLYD_S2_16,RYWNPKMKPFIFG,6.634512,TtSlyD - S2 Fragment
TTSLYD_S2_17,YWNPKMKPFIF,5.92336,TtSlyD - S2 Fragment
TTSLYD_S2_2,GHQTRYWNPKMKPFI,6.175874,TtSlyD - S2 Fragment
TTSLYD_S2_3,VHFGHQTRYWNPKMK,5.832092,TtSlyD - S2 Fragment
TTSLYD_S2_4,KAGVHFGHQTRYWNP,5.622876,TtSlyD - S2 Fragment
TTSLYD_S2_5,WNPKMKPFIFGARNK,6.498941,TtSlyD - S2 Fragment
TTSLYD_S2_6,KMKPFIFGARNKVHI,6.737549,TtSlyD - S2 Fragment
TTSLYD_S2_7,TRYWNAKMKPFIFGA,6.88941,TtSlyD - S2 Fragment
TTSLYD_S2_8,TRYWNPKMKEFIFGA,6.289883,TtSlyD - S2 Fragment
TTSLYD_S2_9,TRYWNAKMKEFIFGA,5.839531,TtSlyD - S2 Fragment
HRPN13_HRPN2_1,PPEPFEYIDD,5.707744,hRpn13 Pru Domain - hRpn2
HRPN13_HRPN2_2,QEPEPPEPFEYIDD,7.568636,hRpn13 Pru Domain - hRpn2
A-ADAPTIN_BP_1,APAFSDPWGGSP,3.69897,α-adaptin - Motif Peptide
A-ADAPTIN_BP_2,GNDPWSAWSASK,3.793174,α-adaptin - Motif Peptide
A-ADAPTIN_BP_20,NPKGWVTFEEEE,6.142668,α-adaptin - Motif Peptide
A-ADAPTIN_BP_21,QAPQPSNWVQF,5.124939,α-adaptin - Motif Peptide
A-ADAPTIN_BP_22,EVWVRFDLQLFE,4.958607,α-adaptin - Motif Peptide
