complex_name,protein_description,peptide_description,source
peppcf_6XOY_A_52_59,/home/igem/unknown_software/datasets/training_formatted_peppc/peppcf_6XOY_A_52_59/peppcf_6XOY_A_52_59_protein_pocket.pdb,/home/igem/unknown_software/datasets/training_formatted_peppc/peppcf_6XOY_A_52_59/peppcf_6XOY_A_52_59_peptide.pdb,peppcf
peppc_6JJX_C,/home/igem/unknown_software/datasets/training_formatted_peppc/peppc_6JJX_C/peppc_6JJX_C_protein_pocket.pdb,/home/igem/unknown_software/datasets/training_formatted_peppc/peppc_6JJX_C/peppc_6JJX_C_peptide.pdb,peppcf
peppcf_1GP2_A_20_27,/home/igem/unknown_software/datasets/training_formatted_peppc/peppcf_1GP2_A_20_27/peppcf_1GP2_A_20_27_protein_pocket.pdb,/home/igem/unknown_software/datasets/training_formatted_peppc/peppcf_1GP2_A_20_27/peppcf_1GP2_A_20_27_peptide.pdb,peppcf
peppc_5OTX_B,/home/igem/unknown_software/datasets/training_formatted_peppc/peppc_5OTX_B/peppc_5OTX_B_protein_pocket.pdb,/home/igem/unknown_software/datasets/training_formatted_peppc/peppc_5OTX_B/peppc_5OTX_B_peptide.pdb,peppcf
peppcf_1ZR0_A_16_23,/home/igem/unknown_software/datasets/training_formatted_peppc/peppcf_1ZR0_A_16_23/peppcf_1ZR0_A_16_23_protein_pocket.pdb,/home/igem/unknown_software/datasets/training_formatted_peppc/peppcf_1ZR0_A_16_23/peppcf_1ZR0_A_16_23_peptide.pdb,peppcf
peppc_3DAB_B,/home/igem/unknown_software/datasets/training_formatted_peppc/peppc_3DAB_B/peppc_3DAB_B_protein_pocket.pdb,/home/igem/unknown_software/datasets/training_formatted_peppc/peppc_3DAB_B/peppc_3DAB_B_peptide.pdb,peppcf
peppcf_7PG5_A_234_244,/home/igem/unknown_software/datasets/training_formatted_peppc/peppcf_7PG5_A_234_244/peppcf_7PG5_A_234_244_protein_pocket.pdb,/home/igem/unknown_software/datasets/training_formatted_peppc/peppcf_7PG5_A_234_244/peppcf_7PG5_A_234_244_peptide.pdb,peppcf
peppcf_4CIC_B_104_114,/home/igem/unknown_software/datasets/training_formatted_peppc/peppcf_4CIC_B_104_114/peppcf_4CIC_B_104_114_protein_pocket.pdb,/home/igem/unknown_software/datasets/training_formatted_peppc/peppcf_4CIC_B_104_114/peppcf_4CIC_B_104_114_peptide.pdb,peppcf
peppc_1JMT_B,/home/igem/unknown_software/datasets/training_formatted_peppc/peppc_1JMT_B/peppc_1JMT_B_protein_pocket.pdb,/home/igem/unknown_software/datasets/training_formatted_peppc/peppc_1JMT_B/peppc_1JMT_B_peptide.pdb,peppcf
peppc_4IIO_C,/home/igem/unknown_software/datasets/training_formatted_peppc/peppc_4IIO_C/peppc_4IIO_C_protein_pocket.pdb,/home/igem/unknown_software/datasets/training_formatted_peppc/peppc_4IIO_C/peppc_4IIO_C_peptide.pdb,peppcf
peppcf_4US0_B_347_354,/home/igem/unknown_software/datasets/training_formatted_peppc/peppcf_4US0_B_347_354/peppcf_4US0_B_347_354_protein_pocket.pdb,/home/igem/unknown_software/datasets/training_formatted_peppc/peppcf_4US0_B_347_354/peppcf_4US0_B_347_354_peptide.pdb,peppcf
peppcf_4Z9K_B_109_116,/home/igem/unknown_software/datasets/training_formatted_peppc/peppcf_4Z9K_B_109_116/peppcf_4Z9K_B_109_116_protein_pocket.pdb,/home/igem/unknown_software/datasets/training_formatted_peppc/peppcf_4Z9K_B_109_116/peppcf_4Z9K_B_109_116_peptide.pdb,peppcf
peppcf_2DYO_A_10_20,/home/igem/unknown_software/datasets/training_formatted_peppc/peppcf_2DYO_A_10_20/peppcf_2DYO_A_10_20_protein_pocket.pdb,/home/igem/unknown_software/datasets/training_formatted_peppc/peppcf_2DYO_A_10_20/peppcf_2DYO_A_10_20_peptide.pdb,peppcf
peppcf_4WY0_A_59_66,/home/igem/unknown_software/datasets/training_formatted_peppc/peppcf_4WY0_A_59_66/peppcf_4WY0_A_59_66_protein_pocket.pdb,/home/igem/unknown_software/datasets/training_formatted_peppc/peppcf_4WY0_A_59_66/peppcf_4WY0_A_59_66_peptide.pdb,peppcf
peppcf_6QN9_B_109_116,/home/igem/unknown_software/datasets/training_formatted_peppc/peppcf_6QN9_B_109_116/peppcf_6QN9_B_109_116_protein_pocket.pdb,/home/igem/unknown_software/datasets/training_formatted_peppc/peppcf_6QN9_B_109_116/peppcf_6QN9_B_109_116_peptide.pdb,peppcf
7P70,/home/igem/unknown_software/datasets/RefPepDB-RecentSet/7p70/7p70_protein_pocket.pdb,/home/igem/unknown_software/datasets/RefPepDB-RecentSet/7p70/7p70_peptide.pdb,peppcf
peppcf_6LQ9_A_55_62,/home/igem/unknown_software/datasets/training_formatted_peppc/peppcf_6LQ9_A_55_62/peppcf_6LQ9_A_55_62_protein_pocket.pdb,/home/igem/unknown_software/datasets/training_formatted_peppc/peppcf_6LQ9_A_55_62/peppcf_6LQ9_A_55_62_peptide.pdb,peppcf
peppcf_5SIC_B_125_132,/home/igem/unknown_software/datasets/training_formatted_peppc/peppcf_5SIC_B_125_132/peppcf_5SIC_B_125_132_protein_pocket.pdb,/home/igem/unknown_software/datasets/training_formatted_peppc/peppcf_5SIC_B_125_132/peppcf_5SIC_B_125_132_peptide.pdb,peppcf
peppcf_6OXD_A_296_306,/home/igem/unknown_software/datasets/training_formatted_peppc/peppcf_6OXD_A_296_306/peppcf_6OXD_A_296_306_protein_pocket.pdb,/home/igem/unknown_software/datasets/training_formatted_peppc/peppcf_6OXD_A_296_306/peppcf_6OXD_A_296_306_peptide.pdb,peppcf
peppcf_5PAU_A_45_52,/home/igem/unknown_software/datasets/training_formatted_peppc/peppcf_5PAU_A_45_52/peppcf_5PAU_A_45_52_protein_pocket.pdb,/home/igem/unknown_software/datasets/training_formatted_peppc/peppcf_5PAU_A_45_52/peppcf_5PAU_A_45_52_peptide.pdb,peppcf
peppcf_4J56_C_60_72,/home/igem/unknown_software/datasets/training_formatted_peppc/peppcf_4J56_C_60_72/peppcf_4J56_C_60_72_protein_pocket.pdb,/home/igem/unknown_software/datasets/training_formatted_peppc/peppcf_4J56_C_60_72/peppcf_4J56_C_60_72_peptide.pdb,peppcf
peppcf_1BZ1_C_103_113,/home/igem/unknown_software/datasets/training_formatted_peppc/peppcf_1BZ1_C_103_113/peppcf_1BZ1_C_103_113_protein_pocket.pdb,/home/igem/unknown_software/datasets/training_formatted_peppc/peppcf_1BZ1_C_103_113/peppcf_1BZ1_C_103_113_peptide.pdb,peppcf
peppc_7RMA_C,/home/igem/unknown_software/datasets/training_formatted_peppc/peppc_7RMA_C/peppc_7RMA_C_protein_pocket.pdb,/home/igem/unknown_software/datasets/training_formatted_peppc/peppc_7RMA_C/peppc_7RMA_C_peptide.pdb,peppcf
peppcf_1YAG_A_71_83,/home/igem/unknown_software/datasets/training_formatted_peppc/peppcf_1YAG_A_71_83/peppcf_1YAG_A_71_83_protein_pocket.pdb,/home/igem/unknown_software/datasets/training_formatted_peppc/peppcf_1YAG_A_71_83/peppcf_1YAG_A_71_83_peptide.pdb,peppcf
7ETU,/home/igem/unknown_software/datasets/RefPepDB-RecentSet/7etu/7etu_protein_pocket.pdb,/home/igem/unknown_software/datasets/RefPepDB-RecentSet/7etu/7etu_peptide.pdb,peppcf
8TTT,/home/igem/unknown_software/datasets/training_formatted/8TTT/8TTT_protein_pocket.pdb,/home/igem/unknown_software/datasets/training_formatted/8TTT/8TTT_peptide.pdb,peppcf
peppcf_5CX2_B_22_37,/home/igem/unknown_software/datasets/training_formatted_peppc/peppcf_5CX2_B_22_37/peppcf_5CX2_B_22_37_protein_pocket.pdb,/home/igem/unknown_software/datasets/training_formatted_peppc/peppcf_5CX2_B_22_37/peppcf_5CX2_B_22_37_peptide.pdb,peppcf
peppcf_3HG0_C_17_24,/home/igem/unknown_software/datasets/training_formatted_peppc/peppcf_3HG0_C_17_24/peppcf_3HG0_C_17_24_protein_pocket.pdb,/home/igem/unknown_software/datasets/training_formatted_peppc/peppcf_3HG0_C_17_24/peppcf_3HG0_C_17_24_peptide.pdb,peppcf
peppcf_4L3H_F_291_298,/home/igem/unknown_software/datasets/training_formatted_peppc/peppcf_4L3H_F_291_298/peppcf_4L3H_F_291_298_protein_pocket.pdb,/home/igem/unknown_software/datasets/training_formatted_peppc/peppcf_4L3H_F_291_298/peppcf_4L3H_F_291_298_peptide.pdb,peppcf
peppcf_1TM1_A_36_43,/home/igem/unknown_software/datasets/training_formatted_peppc/peppcf_1TM1_A_36_43/peppcf_1TM1_A_36_43_protein_pocket.pdb,/home/igem/unknown_software/datasets/training_formatted_peppc/peppcf_1TM1_A_36_43/peppcf_1TM1_A_36_43_peptide.pdb,peppcf
peppcf_8CWT_D_3_10,/home/igem/unknown_software/datasets/training_formatted_peppc/peppcf_8CWT_D_3_10/peppcf_8CWT_D_3_10_protein_pocket.pdb,/home/igem/unknown_software/datasets/training_formatted_peppc/peppcf_8CWT_D_3_10/peppcf_8CWT_D_3_10_peptide.pdb,peppcf
peppcf_2DXB_G_153_160,/home/igem/unknown_software/datasets/training_formatted_peppc/peppcf_2DXB_G_153_160/peppcf_2DXB_G_153_160_protein_pocket.pdb,/home/igem/unknown_software/datasets/training_formatted_peppc/peppcf_2DXB_G_153_160/peppcf_2DXB_G_153_160_peptide.pdb,peppcf
peppcf_3V6C_A_13_21,/home/igem/unknown_software/datasets/training_formatted_peppc/peppcf_3V6C_A_13_21/peppcf_3V6C_A_13_21_protein_pocket.pdb,/home/igem/unknown_software/datasets/training_formatted_peppc/peppcf_3V6C_A_13_21/peppcf_3V6C_A_13_21_peptide.pdb,peppcf
peppcf_7S4E_A_74_84,/home/igem/unknown_software/datasets/training_formatted_peppc/peppcf_7S4E_A_74_84/peppcf_7S4E_A_74_84_protein_pocket.pdb,/home/igem/unknown_software/datasets/training_formatted_peppc/peppcf_7S4E_A_74_84/peppcf_7S4E_A_74_84_peptide.pdb,peppcf
peppcf_4KKX_A_53_60,/home/igem/unknown_software/datasets/training_formatted_peppc/peppcf_4KKX_A_53_60/peppcf_4KKX_A_53_60_protein_pocket.pdb,/home/igem/unknown_software/datasets/training_formatted_peppc/peppcf_4KKX_A_53_60/peppcf_4KKX_A_53_60_peptide.pdb,peppcf
peppcf_5YSN_B_395_405,/home/igem/unknown_software/datasets/training_formatted_peppc/peppcf_5YSN_B_395_405/peppcf_5YSN_B_395_405_protein_pocket.pdb,/home/igem/unknown_software/datasets/training_formatted_peppc/peppcf_5YSN_B_395_405/peppcf_5YSN_B_395_405_peptide.pdb,peppcf
peppcf_4F6T_A_52_63,/home/igem/unknown_software/datasets/training_formatted_peppc/peppcf_4F6T_A_52_63/peppcf_4F6T_A_52_63_protein_pocket.pdb,/home/igem/unknown_software/datasets/training_formatted_peppc/peppcf_4F6T_A_52_63/peppcf_4F6T_A_52_63_peptide.pdb,peppcf
8T32,/home/igem/unknown_software/datasets/training_formatted/8T32/8T32_protein_pocket.pdb,/home/igem/unknown_software/datasets/training_formatted/8T32/8T32_peptide.pdb,peppcf
peppcf_4NBA_C_88_95,/home/igem/unknown_software/datasets/training_formatted_peppc/peppcf_4NBA_C_88_95/peppcf_4NBA_C_88_95_protein_pocket.pdb,/home/igem/unknown_software/datasets/training_formatted_peppc/peppcf_4NBA_C_88_95/peppcf_4NBA_C_88_95_peptide.pdb,peppcf
peppcf_6C0O_B_375_386,/home/igem/unknown_software/datasets/training_formatted_peppc/peppcf_6C0O_B_375_386/peppcf_6C0O_B_375_386_protein_pocket.pdb,/home/igem/unknown_software/datasets/training_formatted_peppc/peppcf_6C0O_B_375_386/peppcf_6C0O_B_375_386_peptide.pdb,peppcf
peppcf_7G8T_A_32_39,/home/igem/unknown_software/datasets/training_formatted_peppc/peppcf_7G8T_A_32_39/peppcf_7G8T_A_32_39_protein_pocket.pdb,/home/igem/unknown_software/datasets/training_formatted_peppc/peppcf_7G8T_A_32_39/peppcf_7G8T_A_32_39_peptide.pdb,peppcf
peppcf_5KY9_A_7_14,/home/igem/unknown_software/datasets/training_formatted_peppc/peppcf_5KY9_A_7_14/peppcf_5KY9_A_7_14_protein_pocket.pdb,/home/igem/unknown_software/datasets/training_formatted_peppc/peppcf_5KY9_A_7_14/peppcf_5KY9_A_7_14_peptide.pdb,peppcf
peppcf_4CFV_B_38_45,/home/igem/unknown_software/datasets/training_formatted_peppc/peppcf_4CFV_B_38_45/peppcf_4CFV_B_38_45_protein_pocket.pdb,/home/igem/unknown_software/datasets/training_formatted_peppc/peppcf_4CFV_B_38_45/peppcf_4CFV_B_38_45_peptide.pdb,peppcf
peppcf_4HM5_B_343_364,/home/igem/unknown_software/datasets/training_formatted_peppc/peppcf_4HM5_B_343_364/peppcf_4HM5_B_343_364_protein_pocket.pdb,/home/igem/unknown_software/datasets/training_formatted_peppc/peppcf_4HM5_B_343_364/peppcf_4HM5_B_343_364_peptide.pdb,peppcf
peppcf_3SXT_A_39_46,/home/igem/unknown_software/datasets/training_formatted_peppc/peppcf_3SXT_A_39_46/peppcf_3SXT_A_39_46_protein_pocket.pdb,/home/igem/unknown_software/datasets/training_formatted_peppc/peppcf_3SXT_A_39_46/peppcf_3SXT_A_39_46_peptide.pdb,peppcf
peppcf_4CFU_B_152_159,/home/igem/unknown_software/datasets/training_formatted_peppc/peppcf_4CFU_B_152_159/peppcf_4CFU_B_152_159_protein_pocket.pdb,/home/igem/unknown_software/datasets/training_formatted_peppc/peppcf_4CFU_B_152_159/peppcf_4CFU_B_152_159_peptide.pdb,peppcf
peppcf_4HIH_A_103_110,/home/igem/unknown_software/datasets/training_formatted_peppc/peppcf_4HIH_A_103_110/peppcf_4HIH_A_103_110_protein_pocket.pdb,/home/igem/unknown_software/datasets/training_formatted_peppc/peppcf_4HIH_A_103_110/peppcf_4HIH_A_103_110_peptide.pdb,peppcf
peppcf_7EE6_D_16_23,/home/igem/unknown_software/datasets/training_formatted_peppc/peppcf_7EE6_D_16_23/peppcf_7EE6_D_16_23_protein_pocket.pdb,/home/igem/unknown_software/datasets/training_formatted_peppc/peppcf_7EE6_D_16_23/peppcf_7EE6_D_16_23_peptide.pdb,peppcf
peppcf_1NHW_C_213_221,/home/igem/unknown_software/datasets/training_formatted_peppc/peppcf_1NHW_C_213_221/peppcf_1NHW_C_213_221_protein_pocket.pdb,/home/igem/unknown_software/datasets/training_formatted_peppc/peppcf_1NHW_C_213_221/peppcf_1NHW_C_213_221_peptide.pdb,peppcf
peppcf_6REQ_A_369_376,/home/igem/unknown_software/datasets/training_formatted_peppc/peppcf_6REQ_A_369_376/peppcf_6REQ_A_369_376_protein_pocket.pdb,/home/igem/unknown_software/datasets/training_formatted_peppc/peppcf_6REQ_A_369_376/peppcf_6REQ_A_369_376_peptide.pdb,peppcf
peppcf_2ZD7_A_5_15,/home/igem/unknown_software/datasets/training_formatted_peppc/peppcf_2ZD7_A_5_15/peppcf_2ZD7_A_5_15_protein_pocket.pdb,/home/igem/unknown_software/datasets/training_formatted_peppc/peppcf_2ZD7_A_5_15/peppcf_2ZD7_A_5_15_peptide.pdb,peppcf
7Y99,/home/igem/unknown_software/datasets/training_formatted/7Y99/7Y99_protein_pocket.pdb,/home/igem/unknown_software/datasets/training_formatted/7Y99/7Y99_peptide.pdb,peppcf
peppc_4H2T_C,/home/igem/unknown_software/datasets/training_formatted_peppc/peppc_4H2T_C/peppc_4H2T_C_protein_pocket.pdb,/home/igem/unknown_software/datasets/training_formatted_peppc/peppc_4H2T_C/peppc_4H2T_C_peptide.pdb,peppcf
peppcf_6W00_A_12_19,/home/igem/unknown_software/datasets/training_formatted_peppc/peppcf_6W00_A_12_19/peppcf_6W00_A_12_19_protein_pocket.pdb,/home/igem/unknown_software/datasets/training_formatted_peppc/peppcf_6W00_A_12_19/peppcf_6W00_A_12_19_peptide.pdb,peppcf
peppcf_4PJJ_B_735_742,/home/igem/unknown_software/datasets/training_formatted_peppc/peppcf_4PJJ_B_735_742/peppcf_4PJJ_B_735_742_protein_pocket.pdb,/home/igem/unknown_software/datasets/training_formatted_peppc/peppcf_4PJJ_B_735_742/peppcf_4PJJ_B_735_742_peptide.pdb,peppcf
peppcf_1XZU_A_109_119,/home/igem/unknown_software/datasets/training_formatted_peppc/peppcf_1XZU_A_109_119/peppcf_1XZU_A_109_119_protein_pocket.pdb,/home/igem/unknown_software/datasets/training_formatted_peppc/peppcf_1XZU_A_109_119/peppcf_1XZU_A_109_119_peptide.pdb,peppcf
peppcf_4M62_B_50_57,/home/igem/unknown_software/datasets/training_formatted_peppc/peppcf_4M62_B_50_57/peppcf_4M62_B_50_57_protein_pocket.pdb,/home/igem/unknown_software/datasets/training_formatted_peppc/peppcf_4M62_B_50_57/peppcf_4M62_B_50_57_peptide.pdb,peppcf
peppcf_8FJ3_B_2_9,/home/igem/unknown_software/datasets/training_formatted_peppc/peppcf_8FJ3_B_2_9/peppcf_8FJ3_B_2_9_protein_pocket.pdb,/home/igem/unknown_software/datasets/training_formatted_peppc/peppcf_8FJ3_B_2_9/peppcf_8FJ3_B_2_9_peptide.pdb,peppcf
peppcf_3O3M_A_100_110,/home/igem/unknown_software/datasets/training_formatted_peppc/peppcf_3O3M_A_100_110/peppcf_3O3M_A_100_110_protein_pocket.pdb,/home/igem/unknown_software/datasets/training_formatted_peppc/peppcf_3O3M_A_100_110/peppcf_3O3M_A_100_110_peptide.pdb,peppcf
peppcf_1XU3_C_438_445,/home/igem/unknown_software/datasets/training_formatted_peppc/peppcf_1XU3_C_438_445/peppcf_1XU3_C_438_445_protein_pocket.pdb,/home/igem/unknown_software/datasets/training_formatted_peppc/peppcf_1XU3_C_438_445/peppcf_1XU3_C_438_445_peptide.pdb,peppcf
peppcf_7SER_B_152_159,/home/igem/unknown_software/datasets/training_formatted_peppc/peppcf_7SER_B_152_159/peppcf_7SER_B_152_159_protein_pocket.pdb,/home/igem/unknown_software/datasets/training_formatted_peppc/peppcf_7SER_B_152_159/peppcf_7SER_B_152_159_peptide.pdb,peppcf
peppcf_2IAJ_B_373_384,/home/igem/unknown_software/datasets/training_formatted_peppc/peppcf_2IAJ_B_373_384/peppcf_2IAJ_B_373_384_protein_pocket.pdb,/home/igem/unknown_software/datasets/training_formatted_peppc/peppcf_2IAJ_B_373_384/peppcf_2IAJ_B_373_384_peptide.pdb,peppcf
peppcf_7RX6_B_135_142,/home/igem/unknown_software/datasets/training_formatted_peppc/peppcf_7RX6_B_135_142/peppcf_7RX6_B_135_142_protein_pocket.pdb,/home/igem/unknown_software/datasets/training_formatted_peppc/peppcf_7RX6_B_135_142/peppcf_7RX6_B_135_142_peptide.pdb,peppcf
peppcf_1O1S_A_32_39,/home/igem/unknown_software/datasets/training_formatted_peppc/peppcf_1O1S_A_32_39/peppcf_1O1S_A_32_39_protein_pocket.pdb,/home/igem/unknown_software/datasets/training_formatted_peppc/peppcf_1O1S_A_32_39/peppcf_1O1S_A_32_39_peptide.pdb,peppcf
peppcf_6GCM_C_77_84,/home/igem/unknown_software/datasets/training_formatted_peppc/peppcf_6GCM_C_77_84/peppcf_6GCM_C_77_84_protein_pocket.pdb,/home/igem/unknown_software/datasets/training_formatted_peppc/peppcf_6GCM_C_77_84/peppcf_6GCM_C_77_84_peptide.pdb,peppcf
peppcf_1KZO_A_31_38,/home/igem/unknown_software/datasets/training_formatted_peppc/peppcf_1KZO_A_31_38/peppcf_1KZO_A_31_38_protein_pocket.pdb,/home/igem/unknown_software/datasets/training_formatted_peppc/peppcf_1KZO_A_31_38/peppcf_1KZO_A_31_38_peptide.pdb,peppcf
peppc_3W19_D,/home/igem/unknown_software/datasets/training_formatted_peppc/peppc_3W19_D/peppc_3W19_D_protein_pocket.pdb,/home/igem/unknown_software/datasets/training_formatted_peppc/peppc_3W19_D/peppc_3W19_D_peptide.pdb,peppcf
peppcf_3DGP_A_5_12,/home/igem/unknown_software/datasets/training_formatted_peppc/peppcf_3DGP_A_5_12/peppcf_3DGP_A_5_12_protein_pocket.pdb,/home/igem/unknown_software/datasets/training_formatted_peppc/peppcf_3DGP_A_5_12/peppcf_3DGP_A_5_12_peptide.pdb,peppcf
peppcf_6IVZ_C_66_73,/home/igem/unknown_software/datasets/training_formatted_peppc/peppcf_6IVZ_C_66_73/peppcf_6IVZ_C_66_73_protein_pocket.pdb,/home/igem/unknown_software/datasets/training_formatted_peppc/peppcf_6IVZ_C_66_73/peppcf_6IVZ_C_66_73_peptide.pdb,peppcf
peppcf_6C0N_B_375_386,/home/igem/unknown_software/datasets/training_formatted_peppc/peppcf_6C0N_B_375_386/peppcf_6C0N_B_375_386_protein_pocket.pdb,/home/igem/unknown_software/datasets/training_formatted_peppc/peppcf_6C0N_B_375_386/peppcf_6C0N_B_375_386_peptide.pdb,peppcf
peppcf_4IG0_B_407_414,/home/igem/unknown_software/datasets/training_formatted_peppc/peppcf_4IG0_B_407_414/peppcf_4IG0_B_407_414_protein_pocket.pdb,/home/igem/unknown_software/datasets/training_formatted_peppc/peppcf_4IG0_B_407_414/peppcf_4IG0_B_407_414_peptide.pdb,peppcf
peppc_6XAW_B,/home/igem/unknown_software/datasets/training_formatted_peppc/peppc_6XAW_B/peppc_6XAW_B_protein_pocket.pdb,/home/igem/unknown_software/datasets/training_formatted_peppc/peppc_6XAW_B/peppc_6XAW_B_peptide.pdb,peppcf
9LXG,/home/igem/unknown_software/datasets/training_formatted/9LXG/9LXG_protein_pocket.pdb,/home/igem/unknown_software/datasets/training_formatted/9LXG/9LXG_peptide.pdb,peppcf
peppc_5UL6_M,/home/igem/unknown_software/datasets/training_formatted_peppc/peppc_5UL6_M/peppc_5UL6_M_protein_pocket.pdb,/home/igem/unknown_software/datasets/training_formatted_peppc/peppc_5UL6_M/peppc_5UL6_M_peptide.pdb,peppcf
peppcf_7L03_B_14_21,/home/igem/unknown_software/datasets/training_formatted_peppc/peppcf_7L03_B_14_21/peppcf_7L03_B_14_21_protein_pocket.pdb,/home/igem/unknown_software/datasets/training_formatted_peppc/peppcf_7L03_B_14_21/peppcf_7L03_B_14_21_peptide.pdb,peppcf
peppcf_5IFS_C_191_202,/home/igem/unknown_software/datasets/training_formatted_peppc/peppcf_5IFS_C_191_202/peppcf_5IFS_C_191_202_protein_pocket.pdb,/home/igem/unknown_software/datasets/training_formatted_peppc/peppcf_5IFS_C_191_202/peppcf_5IFS_C_191_202_peptide.pdb,peppcf
peppcf_1C7B_B_108_119,/home/igem/unknown_software/datasets/training_formatted_peppc/peppcf_1C7B_B_108_119/peppcf_1C7B_B_108_119_protein_pocket.pdb,/home/igem/unknown_software/datasets/training_formatted_peppc/peppcf_1C7B_B_108_119/peppcf_1C7B_B_108_119_peptide.pdb,peppcf
peppcf_5HGG_A_109_116,/home/igem/unknown_software/datasets/training_formatted_peppc/peppcf_5HGG_A_109_116/peppcf_5HGG_A_109_116_protein_pocket.pdb,/home/igem/unknown_software/datasets/training_formatted_peppc/peppcf_5HGG_A_109_116/peppcf_5HGG_A_109_116_peptide.pdb,peppcf
peppcf_5UKN_B_119_126,/home/igem/unknown_software/datasets/training_formatted_peppc/peppcf_5UKN_B_119_126/peppcf_5UKN_B_119_126_protein_pocket.pdb,/home/igem/unknown_software/datasets/training_formatted_peppc/peppcf_5UKN_B_119_126/peppcf_5UKN_B_119_126_peptide.pdb,peppcf
peppcf_1JOU_A_19_26,/home/igem/unknown_software/datasets/training_formatted_peppc/peppcf_1JOU_A_19_26/peppcf_1JOU_A_19_26_protein_pocket.pdb,/home/igem/unknown_software/datasets/training_formatted_peppc/peppcf_1JOU_A_19_26/peppcf_1JOU_A_19_26_peptide.pdb,peppcf
peppcf_5F38_B_58_65,/home/igem/unknown_software/datasets/training_formatted_peppc/peppcf_5F38_B_58_65/peppcf_5F38_B_58_65_protein_pocket.pdb,/home/igem/unknown_software/datasets/training_formatted_peppc/peppcf_5F38_B_58_65/peppcf_5F38_B_58_65_peptide.pdb,peppcf
peppcf_1MHH_A_14_21,/home/igem/unknown_software/datasets/training_formatted_peppc/peppcf_1MHH_A_14_21/peppcf_1MHH_A_14_21_protein_pocket.pdb,/home/igem/unknown_software/datasets/training_formatted_peppc/peppcf_1MHH_A_14_21/peppcf_1MHH_A_14_21_peptide.pdb,peppcf
peppcf_5DRX_B_100_107,/home/igem/unknown_software/datasets/training_formatted_peppc/peppcf_5DRX_B_100_107/peppcf_5DRX_B_100_107_protein_pocket.pdb,/home/igem/unknown_software/datasets/training_formatted_peppc/peppcf_5DRX_B_100_107/peppcf_5DRX_B_100_107_peptide.pdb,peppcf
peppcf_2RF2_A_264_271,/home/igem/unknown_software/datasets/training_formatted_peppc/peppcf_2RF2_A_264_271/peppcf_2RF2_A_264_271_protein_pocket.pdb,/home/igem/unknown_software/datasets/training_formatted_peppc/peppcf_2RF2_A_264_271/peppcf_2RF2_A_264_271_peptide.pdb,peppcf
peppcf_3V6I_B_59_71,/home/igem/unknown_software/datasets/training_formatted_peppc/peppcf_3V6I_B_59_71/peppcf_3V6I_B_59_71_protein_pocket.pdb,/home/igem/unknown_software/datasets/training_formatted_peppc/peppcf_3V6I_B_59_71/peppcf_3V6I_B_59_71_peptide.pdb,peppcf
peppcf_2F9I_C_289_296,/home/igem/unknown_software/datasets/training_formatted_peppc/peppcf_2F9I_C_289_296/peppcf_2F9I_C_289_296_protein_pocket.pdb,/home/igem/unknown_software/datasets/training_formatted_peppc/peppcf_2F9I_C_289_296/peppcf_2F9I_C_289_296_peptide.pdb,peppcf
peppcf_5OL4_B_11_18,/home/igem/unknown_software/datasets/training_formatted_peppc/peppcf_5OL4_B_11_18/peppcf_5OL4_B_11_18_protein_pocket.pdb,/home/igem/unknown_software/datasets/training_formatted_peppc/peppcf_5OL4_B_11_18/peppcf_5OL4_B_11_18_peptide.pdb,peppcf
peppcf_7L1H_A_53_60,/home/igem/unknown_software/datasets/training_formatted_peppc/peppcf_7L1H_A_53_60/peppcf_7L1H_A_53_60_protein_pocket.pdb,/home/igem/unknown_software/datasets/training_formatted_peppc/peppcf_7L1H_A_53_60/peppcf_7L1H_A_53_60_peptide.pdb,peppcf
peppcf_7CIZ_C_44_54,/home/igem/unknown_software/datasets/training_formatted_peppc/peppcf_7CIZ_C_44_54/peppcf_7CIZ_C_44_54_protein_pocket.pdb,/home/igem/unknown_software/datasets/training_formatted_peppc/peppcf_7CIZ_C_44_54/peppcf_7CIZ_C_44_54_peptide.pdb,peppcf
peppcf_3MMY_A_39_46,/home/igem/unknown_software/datasets/training_formatted_peppc/peppcf_3MMY_A_39_46/peppcf_3MMY_A_39_46_protein_pocket.pdb,/home/igem/unknown_software/datasets/training_formatted_peppc/peppcf_3MMY_A_39_46/peppcf_3MMY_A_39_46_peptide.pdb,peppcf
peppcf_1P2J_A_10_17,/home/igem/unknown_software/datasets/training_formatted_peppc/peppcf_1P2J_A_10_17/peppcf_1P2J_A_10_17_protein_pocket.pdb,/home/igem/unknown_software/datasets/training_formatted_peppc/peppcf_1P2J_A_10_17/peppcf_1P2J_A_10_17_peptide.pdb,peppcf
peppcf_6BBL_D_497_509,/home/igem/unknown_software/datasets/training_formatted_peppc/peppcf_6BBL_D_497_509/peppcf_6BBL_D_497_509_protein_pocket.pdb,/home/igem/unknown_software/datasets/training_formatted_peppc/peppcf_6BBL_D_497_509/peppcf_6BBL_D_497_509_peptide.pdb,peppcf
peppc_2GGM_C,/home/igem/unknown_software/datasets/training_formatted_peppc/peppc_2GGM_C/peppc_2GGM_C_protein_pocket.pdb,/home/igem/unknown_software/datasets/training_formatted_peppc/peppc_2GGM_C/peppc_2GGM_C_peptide.pdb,peppcf
peppc_6MYE_B,/home/igem/unknown_software/datasets/training_formatted_peppc/peppc_6MYE_B/peppc_6MYE_B_protein_pocket.pdb,/home/igem/unknown_software/datasets/training_formatted_peppc/peppc_6MYE_B/peppc_6MYE_B_peptide.pdb,peppcf
peppcf_3SR6_B_149_157,/home/igem/unknown_software/datasets/training_formatted_peppc/peppcf_3SR6_B_149_157/peppcf_3SR6_B_149_157_protein_pocket.pdb,/home/igem/unknown_software/datasets/training_formatted_peppc/peppcf_3SR6_B_149_157/peppcf_3SR6_B_149_157_peptide.pdb,peppcf
peppcf_6BPB_B_102_109,/home/igem/unknown_software/datasets/training_formatted_peppc/peppcf_6BPB_B_102_109/peppcf_6BPB_B_102_109_protein_pocket.pdb,/home/igem/unknown_software/datasets/training_formatted_peppc/peppcf_6BPB_B_102_109/peppcf_6BPB_B_102_109_peptide.pdb,peppcf
peppcf_3M37_B_104_111,/home/igem/unknown_software/datasets/training_formatted_peppc/peppcf_3M37_B_104_111/peppcf_3M37_B_104_111_protein_pocket.pdb,/home/igem/unknown_software/datasets/training_formatted_peppc/peppcf_3M37_B_104_111/peppcf_3M37_B_104_111_peptide.pdb,peppcf
peppcf_5LGH_B_102_109,/home/igem/unknown_software/datasets/training_formatted_peppc/peppcf_5LGH_B_102_109/peppcf_5LGH_B_102_109_protein_pocket.pdb,/home/igem/unknown_software/datasets/training_formatted_peppc/peppcf_5LGH_B_102_109/peppcf_5LGH_B_102_109_peptide.pdb,peppcf
peppcf_7UF6_A_102_112,/home/igem/unknown_software/datasets/training_formatted_peppc/peppcf_7UF6_A_102_112/peppcf_7UF6_A_102_112_protein_pocket.pdb,/home/igem/unknown_software/datasets/training_formatted_peppc/peppcf_7UF6_A_102_112/peppcf_7UF6_A_102_112_peptide.pdb,peppcf
peppcf_4W78_B_69_76,/home/igem/unknown_software/datasets/training_formatted_peppc/peppcf_4W78_B_69_76/peppcf_4W78_B_69_76_protein_pocket.pdb,/home/igem/unknown_software/datasets/training_formatted_peppc/peppcf_4W78_B_69_76/peppcf_4W78_B_69_76_peptide.pdb,peppcf
peppcf_1Y0L_A_119_126,/home/igem/unknown_software/datasets/training_formatted_peppc/peppcf_1Y0L_A_119_126/peppcf_1Y0L_A_119_126_protein_pocket.pdb,/home/igem/unknown_software/datasets/training_formatted_peppc/peppcf_1Y0L_A_119_126/peppcf_1Y0L_A_119_126_peptide.pdb,peppcf
peppcf_1V4X_B_105_116,/home/igem/unknown_software/datasets/training_formatted_peppc/peppcf_1V4X_B_105_116/peppcf_1V4X_B_105_116_protein_pocket.pdb,/home/igem/unknown_software/datasets/training_formatted_peppc/peppcf_1V4X_B_105_116/peppcf_1V4X_B_105_116_peptide.pdb,peppcf
peppcf_5A8R_C_362_369,/home/igem/unknown_software/datasets/training_formatted_peppc/peppcf_5A8R_C_362_369/peppcf_5A8R_C_362_369_protein_pocket.pdb,/home/igem/unknown_software/datasets/training_formatted_peppc/peppcf_5A8R_C_362_369/peppcf_5A8R_C_362_369_peptide.pdb,peppcf
peppcf_3MCK_B_131_138,/home/igem/unknown_software/datasets/training_formatted_peppc/peppcf_3MCK_B_131_138/peppcf_3MCK_B_131_138_protein_pocket.pdb,/home/igem/unknown_software/datasets/training_formatted_peppc/peppcf_3MCK_B_131_138/peppcf_3MCK_B_131_138_peptide.pdb,peppcf
peppcf_1AUS_E_210_217,/home/igem/unknown_software/datasets/training_formatted_peppc/peppcf_1AUS_E_210_217/peppcf_1AUS_E_210_217_protein_pocket.pdb,/home/igem/unknown_software/datasets/training_formatted_peppc/peppcf_1AUS_E_210_217/peppcf_1AUS_E_210_217_peptide.pdb,peppcf
peppcf_4REQ_B_60_67,/home/igem/unknown_software/datasets/training_formatted_peppc/peppcf_4REQ_B_60_67/peppcf_4REQ_B_60_67_protein_pocket.pdb,/home/igem/unknown_software/datasets/training_formatted_peppc/peppcf_4REQ_B_60_67/peppcf_4REQ_B_60_67_peptide.pdb,peppcf
peppc_3DS4_T,/home/igem/unknown_software/datasets/training_formatted_peppc/peppc_3DS4_T/peppc_3DS4_T_protein_pocket.pdb,/home/igem/unknown_software/datasets/training_formatted_peppc/peppc_3DS4_T/peppc_3DS4_T_peptide.pdb,peppcf
peppcf_3C4P_B_79_86,/home/igem/unknown_software/datasets/training_formatted_peppc/peppcf_3C4P_B_79_86/peppcf_3C4P_B_79_86_protein_pocket.pdb,/home/igem/unknown_software/datasets/training_formatted_peppc/peppcf_3C4P_B_79_86/peppcf_3C4P_B_79_86_peptide.pdb,peppcf
peppcf_6RM9_B_419_428,/home/igem/unknown_software/datasets/training_formatted_peppc/peppcf_6RM9_B_419_428/peppcf_6RM9_B_419_428_protein_pocket.pdb,/home/igem/unknown_software/datasets/training_formatted_peppc/peppcf_6RM9_B_419_428/peppcf_6RM9_B_419_428_peptide.pdb,peppcf
peppcf_5I46_A_44_51,/home/igem/unknown_software/datasets/training_formatted_peppc/peppcf_5I46_A_44_51/peppcf_5I46_A_44_51_protein_pocket.pdb,/home/igem/unknown_software/datasets/training_formatted_peppc/peppcf_5I46_A_44_51/peppcf_5I46_A_44_51_peptide.pdb,peppcf
peppcf_5IP4_B_24_31,/home/igem/unknown_software/datasets/training_formatted_peppc/peppcf_5IP4_B_24_31/peppcf_5IP4_B_24_31_protein_pocket.pdb,/home/igem/unknown_software/datasets/training_formatted_peppc/peppcf_5IP4_B_24_31/peppcf_5IP4_B_24_31_peptide.pdb,peppcf
peppcf_1RXO_D_174_184,/home/igem/unknown_software/datasets/training_formatted_peppc/peppcf_1RXO_D_174_184/peppcf_1RXO_D_174_184_protein_pocket.pdb,/home/igem/unknown_software/datasets/training_formatted_peppc/peppcf_1RXO_D_174_184/peppcf_1RXO_D_174_184_peptide.pdb,peppcf
peppcf_5YRO_A_50_57,/home/igem/unknown_software/datasets/training_formatted_peppc/peppcf_5YRO_A_50_57/peppcf_5YRO_A_50_57_protein_pocket.pdb,/home/igem/unknown_software/datasets/training_formatted_peppc/peppcf_5YRO_A_50_57/peppcf_5YRO_A_50_57_peptide.pdb,peppcf
peppcf_7BY3_B_31_45,/home/igem/unknown_software/datasets/training_formatted_peppc/peppcf_7BY3_B_31_45/peppcf_7BY3_B_31_45_protein_pocket.pdb,/home/igem/unknown_software/datasets/training_formatted_peppc/peppcf_7BY3_B_31_45/peppcf_7BY3_B_31_45_peptide.pdb,peppcf
peppcf_7B2H_B_317_324,/home/igem/unknown_software/datasets/training_formatted_peppc/peppcf_7B2H_B_317_324/peppcf_7B2H_B_317_324_protein_pocket.pdb,/home/igem/unknown_software/datasets/training_formatted_peppc/peppcf_7B2H_B_317_324/peppcf_7B2H_B_317_324_peptide.pdb,peppcf
peppcf_5DS8_A_99_109,/home/igem/unknown_software/datasets/training_formatted_peppc/peppcf_5DS8_A_99_109/peppcf_5DS8_A_99_109_protein_pocket.pdb,/home/igem/unknown_software/datasets/training_formatted_peppc/peppcf_5DS8_A_99_109/peppcf_5DS8_A_99_109_peptide.pdb,peppcf
peppcf_5OMB_B_41_52,/home/igem/unknown_software/datasets/training_formatted_peppc/peppcf_5OMB_B_41_52/peppcf_5OMB_B_41_52_protein_pocket.pdb,/home/igem/unknown_software/datasets/training_formatted_peppc/peppcf_5OMB_B_41_52/peppcf_5OMB_B_41_52_peptide.pdb,peppcf
peppcf_4YX7_C_18_25,/home/igem/unknown_software/datasets/training_formatted_peppc/peppcf_4YX7_C_18_25/peppcf_4YX7_C_18_25_protein_pocket.pdb,/home/igem/unknown_software/datasets/training_formatted_peppc/peppcf_4YX7_C_18_25/peppcf_4YX7_C_18_25_peptide.pdb,peppcf
peppcf_4FB1_B_84_91,/home/igem/unknown_software/datasets/training_formatted_peppc/peppcf_4FB1_B_84_91/peppcf_4FB1_B_84_91_protein_pocket.pdb,/home/igem/unknown_software/datasets/training_formatted_peppc/peppcf_4FB1_B_84_91/peppcf_4FB1_B_84_91_peptide.pdb,peppcf
peppc_5DBR_C,/home/igem/unknown_software/datasets/training_formatted_peppc/peppc_5DBR_C/peppc_5DBR_C_protein_pocket.pdb,/home/igem/unknown_software/datasets/training_formatted_peppc/peppc_5DBR_C/peppc_5DBR_C_peptide.pdb,peppcf
peppcf_4FNL_A_116_124,/home/igem/unknown_software/datasets/training_formatted_peppc/peppcf_4FNL_A_116_124/peppcf_4FNL_A_116_124_protein_pocket.pdb,/home/igem/unknown_software/datasets/training_formatted_peppc/peppcf_4FNL_A_116_124/peppcf_4FNL_A_116_124_peptide.pdb,peppcf
peppcf_1M9P_B_109_119,/home/igem/unknown_software/datasets/training_formatted_peppc/peppcf_1M9P_B_109_119/peppcf_1M9P_B_109_119_protein_pocket.pdb,/home/igem/unknown_software/datasets/training_formatted_peppc/peppcf_1M9P_B_109_119/peppcf_1M9P_B_109_119_peptide.pdb,peppcf
peppcf_2VSS_B_150_160,/home/igem/unknown_software/datasets/training_formatted_peppc/peppcf_2VSS_B_150_160/peppcf_2VSS_B_150_160_protein_pocket.pdb,/home/igem/unknown_software/datasets/training_formatted_peppc/peppcf_2VSS_B_150_160/peppcf_2VSS_B_150_160_peptide.pdb,peppcf
peppcf_3SR6_E_12_19,/home/igem/unknown_software/datasets/training_formatted_peppc/peppcf_3SR6_E_12_19/peppcf_3SR6_E_12_19_protein_pocket.pdb,/home/igem/unknown_software/datasets/training_formatted_peppc/peppcf_3SR6_E_12_19/peppcf_3SR6_E_12_19_peptide.pdb,peppcf
peppcf_6P5B_A_34_41,/home/igem/unknown_software/datasets/training_formatted_peppc/peppcf_6P5B_A_34_41/peppcf_6P5B_A_34_41_protein_pocket.pdb,/home/igem/unknown_software/datasets/training_formatted_peppc/peppcf_6P5B_A_34_41/peppcf_6P5B_A_34_41_peptide.pdb,peppcf
peppcf_3H6P_A_42_53,/home/igem/unknown_software/datasets/training_formatted_peppc/peppcf_3H6P_A_42_53/peppcf_3H6P_A_42_53_protein_pocket.pdb,/home/igem/unknown_software/datasets/training_formatted_peppc/peppcf_3H6P_A_42_53/peppcf_3H6P_A_42_53_peptide.pdb,peppcf
peppcf_6HGU_A_122_129,/home/igem/unknown_software/datasets/training_formatted_peppc/peppcf_6HGU_A_122_129/peppcf_6HGU_A_122_129_protein_pocket.pdb,/home/igem/unknown_software/datasets/training_formatted_peppc/peppcf_6HGU_A_122_129/peppcf_6HGU_A_122_129_peptide.pdb,peppcf
peppcf_4L3G_B_84_91,/home/igem/unknown_software/datasets/training_formatted_peppc/peppcf_4L3G_B_84_91/peppcf_4L3G_B_84_91_protein_pocket.pdb,/home/igem/unknown_software/datasets/training_formatted_peppc/peppcf_4L3G_B_84_91/peppcf_4L3G_B_84_91_peptide.pdb,peppcf
peppc_2VT1_A,/home/igem/unknown_software/datasets/training_formatted_peppc/peppc_2VT1_A/peppc_2VT1_A_protein_pocket.pdb,/home/igem/unknown_software/datasets/training_formatted_peppc/peppc_2VT1_A/peppc_2VT1_A_peptide.pdb,peppcf
peppc_5OXX_B,/home/igem/unknown_software/datasets/training_formatted_peppc/peppc_5OXX_B/peppc_5OXX_B_protein_pocket.pdb,/home/igem/unknown_software/datasets/training_formatted_peppc/peppc_5OXX_B/peppc_5OXX_B_peptide.pdb,peppcf
2DRK,/home/igem/unknown_software/datasets/training_formatted/2DRK/2DRK_protein_pocket.pdb,/home/igem/unknown_software/datasets/training_formatted/2DRK/2DRK_peptide.pdb,peppcf
peppcf_2HHD_A_108_119,/home/igem/unknown_software/datasets/training_formatted_peppc/peppcf_2HHD_A_108_119/peppcf_2HHD_A_108_119_protein_pocket.pdb,/home/igem/unknown_software/datasets/training_formatted_peppc/peppcf_2HHD_A_108_119/peppcf_2HHD_A_108_119_peptide.pdb,peppcf
peppcf_4W9F_A_10_17,/home/igem/unknown_software/datasets/training_formatted_peppc/peppcf_4W9F_A_10_17/peppcf_4W9F_A_10_17_protein_pocket.pdb,/home/igem/unknown_software/datasets/training_formatted_peppc/peppcf_4W9F_A_10_17/peppcf_4W9F_A_10_17_peptide.pdb,peppcf
peppcf_2NQ8_A_42_49,/home/igem/unknown_software/datasets/training_formatted_peppc/peppcf_2NQ8_A_42_49/peppcf_2NQ8_A_42_49_protein_pocket.pdb,/home/igem/unknown_software/datasets/training_formatted_peppc/peppcf_2NQ8_A_42_49/peppcf_2NQ8_A_42_49_peptide.pdb,peppcf
peppcf_1QGU_D_131_141,/home/igem/unknown_software/datasets/training_formatted_peppc/peppcf_1QGU_D_131_141/peppcf_1QGU_D_131_141_protein_pocket.pdb,/home/igem/unknown_software/datasets/training_formatted_peppc/peppcf_1QGU_D_131_141/peppcf_1QGU_D_131_141_peptide.pdb,peppcf
peppcf_7ZSE_A_10_17,/home/igem/unknown_software/datasets/training_formatted_peppc/peppcf_7ZSE_A_10_17/peppcf_7ZSE_A_10_17_protein_pocket.pdb,/home/igem/unknown_software/datasets/training_formatted_peppc/peppcf_7ZSE_A_10_17/peppcf_7ZSE_A_10_17_peptide.pdb,peppcf
peppcf_7JFM_B_186_193,/home/igem/unknown_software/datasets/training_formatted_peppc/peppcf_7JFM_B_186_193/peppcf_7JFM_B_186_193_protein_pocket.pdb,/home/igem/unknown_software/datasets/training_formatted_peppc/peppcf_7JFM_B_186_193/peppcf_7JFM_B_186_193_peptide.pdb,peppcf
peppc_1ZAW_Y,/home/igem/unknown_software/datasets/training_formatted_peppc/peppc_1ZAW_Y/peppc_1ZAW_Y_protein_pocket.pdb,/home/igem/unknown_software/datasets/training_formatted_peppc/peppc_1ZAW_Y/peppc_1ZAW_Y_peptide.pdb,peppcf
peppcf_7EWJ_C_103_110,/home/igem/unknown_software/datasets/training_formatted_peppc/peppcf_7EWJ_C_103_110/peppcf_7EWJ_C_103_110_protein_pocket.pdb,/home/igem/unknown_software/datasets/training_formatted_peppc/peppcf_7EWJ_C_103_110/peppcf_7EWJ_C_103_110_peptide.pdb,peppcf
peppcf_7MX8_A_118_126,/home/igem/unknown_software/datasets/training_formatted_peppc/peppcf_7MX8_A_118_126/peppcf_7MX8_A_118_126_protein_pocket.pdb,/home/igem/unknown_software/datasets/training_formatted_peppc/peppcf_7MX8_A_118_126/peppcf_7MX8_A_118_126_peptide.pdb,peppcf
peppcf_3AWY_A_42_49,/home/igem/unknown_software/datasets/training_formatted_peppc/peppcf_3AWY_A_42_49/peppcf_3AWY_A_42_49_protein_pocket.pdb,/home/igem/unknown_software/datasets/training_formatted_peppc/peppcf_3AWY_A_42_49/peppcf_3AWY_A_42_49_peptide.pdb,peppcf
peppcf_3E7S_A_383_390,/home/igem/unknown_software/datasets/training_formatted_peppc/peppcf_3E7S_A_383_390/peppcf_3E7S_A_383_390_protein_pocket.pdb,/home/igem/unknown_software/datasets/training_formatted_peppc/peppcf_3E7S_A_383_390/peppcf_3E7S_A_383_390_peptide.pdb,peppcf
peppc_3BZY_A,/home/igem/unknown_software/datasets/training_formatted_peppc/peppc_3BZY_A/peppc_3BZY_A_protein_pocket.pdb,/home/igem/unknown_software/datasets/training_formatted_peppc/peppc_3BZY_A/peppc_3BZY_A_peptide.pdb,peppcf
peppcf_7EQC_C_77_84,/home/igem/unknown_software/datasets/training_formatted_peppc/peppcf_7EQC_C_77_84/peppcf_7EQC_C_77_84_protein_pocket.pdb,/home/igem/unknown_software/datasets/training_formatted_peppc/peppcf_7EQC_C_77_84/peppcf_7EQC_C_77_84_peptide.pdb,peppcf
7LUL,/home/igem/unknown_software/datasets/RefPepDB-RecentSet/7lul/7lul_protein_pocket.pdb,/home/igem/unknown_software/datasets/RefPepDB-RecentSet/7lul/7lul_peptide.pdb,peppcf
peppcf_3E1I_B_7_18,/home/igem/unknown_software/datasets/training_formatted_peppc/peppcf_3E1I_B_7_18/peppcf_3E1I_B_7_18_protein_pocket.pdb,/home/igem/unknown_software/datasets/training_formatted_peppc/peppcf_3E1I_B_7_18/peppcf_3E1I_B_7_18_peptide.pdb,peppcf
peppcf_5KNL_A_69_76,/home/igem/unknown_software/datasets/training_formatted_peppc/peppcf_5KNL_A_69_76/peppcf_5KNL_A_69_76_protein_pocket.pdb,/home/igem/unknown_software/datasets/training_formatted_peppc/peppcf_5KNL_A_69_76/peppcf_5KNL_A_69_76_peptide.pdb,peppcf
peppcf_6RJ4_D_140_147,/home/igem/unknown_software/datasets/training_formatted_peppc/peppcf_6RJ4_D_140_147/peppcf_6RJ4_D_140_147_protein_pocket.pdb,/home/igem/unknown_software/datasets/training_formatted_peppc/peppcf_6RJ4_D_140_147/peppcf_6RJ4_D_140_147_peptide.pdb,peppcf
peppcf_4QJV_A_79_90,/home/igem/unknown_software/datasets/training_formatted_peppc/peppcf_4QJV_A_79_90/peppcf_4QJV_A_79_90_protein_pocket.pdb,/home/igem/unknown_software/datasets/training_formatted_peppc/peppcf_4QJV_A_79_90/peppcf_4QJV_A_79_90_peptide.pdb,peppcf
peppc_7BQV_B,/home/igem/unknown_software/datasets/training_formatted_peppc/peppc_7BQV_B/peppc_7BQV_B_protein_pocket.pdb,/home/igem/unknown_software/datasets/training_formatted_peppc/peppc_7BQV_B/peppc_7BQV_B_peptide.pdb,peppcf
peppcf_3PD6_B_274_288,/home/igem/unknown_software/datasets/training_formatted_peppc/peppcf_3PD6_B_274_288/peppcf_3PD6_B_274_288_protein_pocket.pdb,/home/igem/unknown_software/datasets/training_formatted_peppc/peppcf_3PD6_B_274_288/peppcf_3PD6_B_274_288_peptide.pdb,peppcf
9WRJ,/home/igem/unknown_software/datasets/training_formatted/9WRJ/9WRJ_protein_pocket.pdb,/home/igem/unknown_software/datasets/training_formatted/9WRJ/9WRJ_peptide.pdb,peppcf
peppcf_5KNL_C_863_870,/home/igem/unknown_software/datasets/training_formatted_peppc/peppcf_5KNL_C_863_870/peppcf_5KNL_C_863_870_protein_pocket.pdb,/home/igem/unknown_software/datasets/training_formatted_peppc/peppcf_5KNL_C_863_870/peppcf_5KNL_C_863_870_peptide.pdb,peppcf
peppcf_4X7F_B_193_200,/home/igem/unknown_software/datasets/training_formatted_peppc/peppcf_4X7F_B_193_200/peppcf_4X7F_B_193_200_protein_pocket.pdb,/home/igem/unknown_software/datasets/training_formatted_peppc/peppcf_4X7F_B_193_200/peppcf_4X7F_B_193_200_peptide.pdb,peppcf
peppcf_2WD7_C_230_237,/home/igem/unknown_software/datasets/training_formatted_peppc/peppcf_2WD7_C_230_237/peppcf_2WD7_C_230_237_protein_pocket.pdb,/home/igem/unknown_software/datasets/training_formatted_peppc/peppcf_2WD7_C_230_237/peppcf_2WD7_C_230_237_peptide.pdb,peppcf
peppcf_1QS0_A_93_100,/home/igem/unknown_software/datasets/training_formatted_peppc/peppcf_1QS0_A_93_100/peppcf_1QS0_A_93_100_protein_pocket.pdb,/home/igem/unknown_software/datasets/training_formatted_peppc/peppcf_1QS0_A_93_100/peppcf_1QS0_A_93_100_peptide.pdb,peppcf
peppcf_6OXC_B_354_364,/home/igem/unknown_software/datasets/training_formatted_peppc/peppcf_6OXC_B_354_364/peppcf_6OXC_B_354_364_protein_pocket.pdb,/home/igem/unknown_software/datasets/training_formatted_peppc/peppcf_6OXC_B_354_364/peppcf_6OXC_B_354_364_peptide.pdb,peppcf
peppcf_3NHE_A_6_14,/home/igem/unknown_software/datasets/training_formatted_peppc/peppcf_3NHE_A_6_14/peppcf_3NHE_A_6_14_protein_pocket.pdb,/home/igem/unknown_software/datasets/training_formatted_peppc/peppcf_3NHE_A_6_14/peppcf_3NHE_A_6_14_peptide.pdb,peppcf
peppcf_1FZ2_A_121_128,/home/igem/unknown_software/datasets/training_formatted_peppc/peppcf_1FZ2_A_121_128/peppcf_1FZ2_A_121_128_protein_pocket.pdb,/home/igem/unknown_software/datasets/training_formatted_peppc/peppcf_1FZ2_A_121_128/peppcf_1FZ2_A_121_128_peptide.pdb,peppcf
peppcf_3L5W_C_106_113,/home/igem/unknown_software/datasets/training_formatted_peppc/peppcf_3L5W_C_106_113/peppcf_3L5W_C_106_113_protein_pocket.pdb,/home/igem/unknown_software/datasets/training_formatted_peppc/peppcf_3L5W_C_106_113/peppcf_3L5W_C_106_113_peptide.pdb,peppcf
peppcf_6GU5_A_127_134,/home/igem/unknown_software/datasets/training_formatted_peppc/peppcf_6GU5_A_127_134/peppcf_6GU5_A_127_134_protein_pocket.pdb,/home/igem/unknown_software/datasets/training_formatted_peppc/peppcf_6GU5_A_127_134/peppcf_6GU5_A_127_134_peptide.pdb,peppcf
peppcf_1RFD_B_105_112,/home/igem/unknown_software/datasets/training_formatted_peppc/peppcf_1RFD_B_105_112/peppcf_1RFD_B_105_112_protein_pocket.pdb,/home/igem/unknown_software/datasets/training_formatted_peppc/peppcf_1RFD_B_105_112/peppcf_1RFD_B_105_112_peptide.pdb,peppcf
peppcf_8FUL_D_43_50,/home/igem/unknown_software/datasets/training_formatted_peppc/peppcf_8FUL_D_43_50/peppcf_8FUL_D_43_50_protein_pocket.pdb,/home/igem/unknown_software/datasets/training_formatted_peppc/peppcf_8FUL_D_43_50/peppcf_8FUL_D_43_50_peptide.pdb,peppcf
peppc_2OEI_B,/home/igem/unknown_software/datasets/training_formatted_peppc/peppc_2OEI_B/peppc_2OEI_B_protein_pocket.pdb,/home/igem/unknown_software/datasets/training_formatted_peppc/peppc_2OEI_B/peppc_2OEI_B_peptide.pdb,peppcf
peppcf_2J9F_B_305_312,/home/igem/unknown_software/datasets/training_formatted_peppc/peppcf_2J9F_B_305_312/peppcf_2J9F_B_305_312_protein_pocket.pdb,/home/igem/unknown_software/datasets/training_formatted_peppc/peppcf_2J9F_B_305_312/peppcf_2J9F_B_305_312_peptide.pdb,peppcf
peppcf_4EPD_C_14_21,/home/igem/unknown_software/datasets/training_formatted_peppc/peppcf_4EPD_C_14_21/peppcf_4EPD_C_14_21_protein_pocket.pdb,/home/igem/unknown_software/datasets/training_formatted_peppc/peppcf_4EPD_C_14_21/peppcf_4EPD_C_14_21_peptide.pdb,peppcf
peppc_3ZRZ_C,/home/igem/unknown_software/datasets/training_formatted_peppc/peppc_3ZRZ_C/peppc_3ZRZ_C_protein_pocket.pdb,/home/igem/unknown_software/datasets/training_formatted_peppc/peppc_3ZRZ_C/peppc_3ZRZ_C_peptide.pdb,peppcf
peppcf_6FAB_A_116_123,/home/igem/unknown_software/datasets/training_formatted_peppc/peppcf_6FAB_A_116_123/peppcf_6FAB_A_116_123_protein_pocket.pdb,/home/igem/unknown_software/datasets/training_formatted_peppc/peppcf_6FAB_A_116_123/peppcf_6FAB_A_116_123_peptide.pdb,peppcf
peppcf_5LF1_A_132_142,/home/igem/unknown_software/datasets/training_formatted_peppc/peppcf_5LF1_A_132_142/peppcf_5LF1_A_132_142_protein_pocket.pdb,/home/igem/unknown_software/datasets/training_formatted_peppc/peppcf_5LF1_A_132_142/peppcf_5LF1_A_132_142_peptide.pdb,peppcf
peppcf_3RYC_E_338_346,/home/igem/unknown_software/datasets/training_formatted_peppc/peppcf_3RYC_E_338_346/peppcf_3RYC_E_338_346_protein_pocket.pdb,/home/igem/unknown_software/datasets/training_formatted_peppc/peppcf_3RYC_E_338_346/peppcf_3RYC_E_338_346_peptide.pdb,peppcf
peppcf_8DFC_B_126_133,/home/igem/unknown_software/datasets/training_formatted_peppc/peppcf_8DFC_B_126_133/peppcf_8DFC_B_126_133_protein_pocket.pdb,/home/igem/unknown_software/datasets/training_formatted_peppc/peppcf_8DFC_B_126_133/peppcf_8DFC_B_126_133_peptide.pdb,peppcf
1LEW,/home/igem/unknown_software/datasets/training_formatted/1LEW/1LEW_protein_pocket.pdb,/home/igem/unknown_software/datasets/training_formatted/1LEW/1LEW_peptide.pdb,peppcf
peppcf_6XOH_B_299_306,/home/igem/unknown_software/datasets/training_formatted_peppc/peppcf_6XOH_B_299_306/peppcf_6XOH_B_299_306_protein_pocket.pdb,/home/igem/unknown_software/datasets/training_formatted_peppc/peppcf_6XOH_B_299_306/peppcf_6XOH_B_299_306_peptide.pdb,peppcf
peppc_6KKG_C,/home/igem/unknown_software/datasets/training_formatted_peppc/peppc_6KKG_C/peppc_6KKG_C_protein_pocket.pdb,/home/igem/unknown_software/datasets/training_formatted_peppc/peppc_6KKG_C/peppc_6KKG_C_peptide.pdb,peppcf
peppcf_2ZL4_B_20_32,/home/igem/unknown_software/datasets/training_formatted_peppc/peppcf_2ZL4_B_20_32/peppcf_2ZL4_B_20_32_protein_pocket.pdb,/home/igem/unknown_software/datasets/training_formatted_peppc/peppcf_2ZL4_B_20_32/peppcf_2ZL4_B_20_32_peptide.pdb,peppcf
peppcf_6VK7_B_80_87,/home/igem/unknown_software/datasets/training_formatted_peppc/peppcf_6VK7_B_80_87/peppcf_6VK7_B_80_87_protein_pocket.pdb,/home/igem/unknown_software/datasets/training_formatted_peppc/peppcf_6VK7_B_80_87/peppcf_6VK7_B_80_87_peptide.pdb,peppcf
peppcf_3MHS_B_9_19,/home/igem/unknown_software/datasets/training_formatted_peppc/peppcf_3MHS_B_9_19/peppcf_3MHS_B_9_19_protein_pocket.pdb,/home/igem/unknown_software/datasets/training_formatted_peppc/peppcf_3MHS_B_9_19/peppcf_3MHS_B_9_19_peptide.pdb,peppcf
peppcf_6T82_A_89_96,/home/igem/unknown_software/datasets/training_formatted_peppc/peppcf_6T82_A_89_96/peppcf_6T82_A_89_96_protein_pocket.pdb,/home/igem/unknown_software/datasets/training_formatted_peppc/peppcf_6T82_A_89_96/peppcf_6T82_A_89_96_peptide.pdb,peppcf
peppcf_6BS3_B_301_311,/home/igem/unknown_software/datasets/training_formatted_peppc/peppcf_6BS3_B_301_311/peppcf_6BS3_B_301_311_protein_pocket.pdb,/home/igem/unknown_software/datasets/training_formatted_peppc/peppcf_6BS3_B_301_311/peppcf_6BS3_B_301_311_peptide.pdb,peppcf
peppcf_2BFD_A_67_79,/home/igem/unknown_software/datasets/training_formatted_peppc/peppcf_2BFD_A_67_79/peppcf_2BFD_A_67_79_protein_pocket.pdb,/home/igem/unknown_software/datasets/training_formatted_peppc/peppcf_2BFD_A_67_79/peppcf_2BFD_A_67_79_peptide.pdb,peppcf
peppcf_3C75_C_289_296,/home/igem/unknown_software/datasets/training_formatted_peppc/peppcf_3C75_C_289_296/peppcf_3C75_C_289_296_protein_pocket.pdb,/home/igem/unknown_software/datasets/training_formatted_peppc/peppcf_3C75_C_289_296/peppcf_3C75_C_289_296_peptide.pdb,peppcf
peppcf_6Y4G_B_120_127,/home/igem/unknown_software/datasets/training_formatted_peppc/peppcf_6Y4G_B_120_127/peppcf_6Y4G_B_120_127_protein_pocket.pdb,/home/igem/unknown_software/datasets/training_formatted_peppc/peppcf_6Y4G_B_120_127/peppcf_6Y4G_B_120_127_peptide.pdb,peppcf
peppcf_5YSN_B_446_453,/home/igem/unknown_software/datasets/training_formatted_peppc/peppcf_5YSN_B_446_453/peppcf_5YSN_B_446_453_protein_pocket.pdb,/home/igem/unknown_software/datasets/training_formatted_peppc/peppcf_5YSN_B_446_453/peppcf_5YSN_B_446_453_peptide.pdb,peppcf
peppcf_3ANY_C_374_385,/home/igem/unknown_software/datasets/training_formatted_peppc/peppcf_3ANY_C_374_385/peppcf_3ANY_C_374_385_protein_pocket.pdb,/home/igem/unknown_software/datasets/training_formatted_peppc/peppcf_3ANY_C_374_385/peppcf_3ANY_C_374_385_peptide.pdb,peppcf
peppc_2DRK_B,/home/igem/unknown_software/datasets/training_formatted_peppc/peppc_2DRK_B/peppc_2DRK_B_protein_pocket.pdb,/home/igem/unknown_software/datasets/training_formatted_peppc/peppc_2DRK_B/peppc_2DRK_B_peptide.pdb,peppcf
peppcf_3CF6_B_560_567,/home/igem/unknown_software/datasets/training_formatted_peppc/peppcf_3CF6_B_560_567/peppcf_3CF6_B_560_567_protein_pocket.pdb,/home/igem/unknown_software/datasets/training_formatted_peppc/peppcf_3CF6_B_560_567/peppcf_3CF6_B_560_567_peptide.pdb,peppcf
peppcf_1RYP_C_122_129,/home/igem/unknown_software/datasets/training_formatted_peppc/peppcf_1RYP_C_122_129/peppcf_1RYP_C_122_129_protein_pocket.pdb,/home/igem/unknown_software/datasets/training_formatted_peppc/peppcf_1RYP_C_122_129/peppcf_1RYP_C_122_129_peptide.pdb,peppcf
peppcf_2B42_A_111_121,/home/igem/unknown_software/datasets/training_formatted_peppc/peppcf_2B42_A_111_121/peppcf_2B42_A_111_121_protein_pocket.pdb,/home/igem/unknown_software/datasets/training_formatted_peppc/peppcf_2B42_A_111_121/peppcf_2B42_A_111_121_peptide.pdb,peppcf
peppcf_6OGM_A_1_8,/home/igem/unknown_software/datasets/training_formatted_peppc/peppcf_6OGM_A_1_8/peppcf_6OGM_A_1_8_protein_pocket.pdb,/home/igem/unknown_software/datasets/training_formatted_peppc/peppcf_6OGM_A_1_8/peppcf_6OGM_A_1_8_peptide.pdb,peppcf
peppc_2RKZ_M,/home/igem/unknown_software/datasets/training_formatted_peppc/peppc_2RKZ_M/peppc_2RKZ_M_protein_pocket.pdb,/home/igem/unknown_software/datasets/training_formatted_peppc/peppc_2RKZ_M/peppc_2RKZ_M_peptide.pdb,peppcf
peppcf_6LRA_A_103_110,/home/igem/unknown_software/datasets/training_formatted_peppc/peppcf_6LRA_A_103_110/peppcf_6LRA_A_103_110_protein_pocket.pdb,/home/igem/unknown_software/datasets/training_formatted_peppc/peppcf_6LRA_A_103_110/peppcf_6LRA_A_103_110_peptide.pdb,peppcf
peppcf_5VQX_B_529_539,/home/igem/unknown_software/datasets/training_formatted_peppc/peppcf_5VQX_B_529_539/peppcf_5VQX_B_529_539_protein_pocket.pdb,/home/igem/unknown_software/datasets/training_formatted_peppc/peppcf_5VQX_B_529_539/peppcf_5VQX_B_529_539_peptide.pdb,peppcf
peppc_5QU2_D,/home/igem/unknown_software/datasets/training_formatted_peppc/peppc_5QU2_D/peppc_5QU2_D_protein_pocket.pdb,/home/igem/unknown_software/datasets/training_formatted_peppc/peppc_5QU2_D/peppc_5QU2_D_peptide.pdb,peppcf
peppcf_3MHH_A_55_67,/home/igem/unknown_software/datasets/training_formatted_peppc/peppcf_3MHH_A_55_67/peppcf_3MHH_A_55_67_protein_pocket.pdb,/home/igem/unknown_software/datasets/training_formatted_peppc/peppcf_3MHH_A_55_67/peppcf_3MHH_A_55_67_peptide.pdb,peppcf
peppc_1CQ4_B,/home/igem/unknown_software/datasets/training_formatted_peppc/peppc_1CQ4_B/peppc_1CQ4_B_protein_pocket.pdb,/home/igem/unknown_software/datasets/training_formatted_peppc/peppc_1CQ4_B/peppc_1CQ4_B_peptide.pdb,peppcf
peppcf_3BWN_B_233_240,/home/igem/unknown_software/datasets/training_formatted_peppc/peppcf_3BWN_B_233_240/peppcf_3BWN_B_233_240_protein_pocket.pdb,/home/igem/unknown_software/datasets/training_formatted_peppc/peppcf_3BWN_B_233_240/peppcf_3BWN_B_233_240_peptide.pdb,peppcf
peppcf_1AJ9_A_108_119,/home/igem/unknown_software/datasets/training_formatted_peppc/peppcf_1AJ9_A_108_119/peppcf_1AJ9_A_108_119_protein_pocket.pdb,/home/igem/unknown_software/datasets/training_formatted_peppc/peppcf_1AJ9_A_108_119/peppcf_1AJ9_A_108_119_peptide.pdb,peppcf
peppcf_3KP1_A_41_51,/home/igem/unknown_software/datasets/training_formatted_peppc/peppcf_3KP1_A_41_51/peppcf_3KP1_A_41_51_protein_pocket.pdb,/home/igem/unknown_software/datasets/training_formatted_peppc/peppcf_3KP1_A_41_51/peppcf_3KP1_A_41_51_peptide.pdb,peppcf
peppcf_5EXE_D_338_345,/home/igem/unknown_software/datasets/training_formatted_peppc/peppcf_5EXE_D_338_345/peppcf_5EXE_D_338_345_protein_pocket.pdb,/home/igem/unknown_software/datasets/training_formatted_peppc/peppcf_5EXE_D_338_345/peppcf_5EXE_D_338_345_peptide.pdb,peppcf
peppcf_3M91_A_16_27,/home/igem/unknown_software/datasets/training_formatted_peppc/peppcf_3M91_A_16_27/peppcf_3M91_A_16_27_protein_pocket.pdb,/home/igem/unknown_software/datasets/training_formatted_peppc/peppcf_3M91_A_16_27/peppcf_3M91_A_16_27_peptide.pdb,peppcf
